Depth ice/snow [m],Gas age [ka BP],δ18O-O2 [‰]
1410.77,101.7452,-0.0101
1413.52,102.0217,-0.1229
1416.27,102.2834,0.0024
1419.02,102.5235,-0.0148
1421.77,102.7362,-0.106
1424.52,102.9648,0.021
1427.27,103.2464,0.0979
1432.77,103.831,0.0315
1435.52,104.1016,-0.0228
1438.27,104.4169,-0.1482
1441.02,104.7912,-0.131
1443.77,105.2162,-0.1263
1446.52,105.5661,0.0277
1449.27,105.8583,-0.0624
1452.02,106.1493,-0.0084
1454.77,106.4527,0.092
1460.27,107.0962,0.0772
1463.02,107.4556,0.3599
1465.77,107.8043,0.3925
1471.27,108.2452,0.5473
1474.02,108.4085,0.5251
1476.77,108.6518,0.6228
1479.52,108.9926,0.5232
1482.27,109.3713,0.525
1489.95,110.4896,0.5715
1490.52,110.5611,0.523
1492.7,110.8314,0.5751
1493.27,110.9088,0.5265
1494.9,111.1078,0.5896
1496.02,111.2474,0.5814
1497.1,111.3876,0.6332
1498.77,111.5893,0.6297
1499.85,111.7282,0.6376
1501.52,111.9279,0.5898
1502.05,111.9912,0.6585
1504.27,112.2674,0.5678
1504.8,112.336,0.6741
1507.02,112.6339,0.6423
1507.55,112.6988,0.6892
1509.77,112.975,0.6834
1510.3,113.0356,0.7469
1515.27,113.532,0.6949
1515.8,113.5866,0.6786
1518.02,113.8335,0.6544
1519.1,113.9536,0.6961
1520.77,114.1355,0.6513
1521.85,114.2599,0.6724
1523.52,114.4736,0.6118
1524.6,114.6145,0.6552
1526.27,114.8186,0.6035
1527.9,115.0184,0.6205
1529.02,115.1482,0.6334
1531.2,115.3823,0.6732
1531.77,115.439,0.5989
1534.5,115.6815,0.6383
1537.27,115.9306,0.6083
1537.8,115.9803,0.6027
1542.77,116.4893,0.5226
1544.95,116.6944,0.5534
1545.52,116.7446,0.5624
1548.25,116.9831,0.561
1548.27,116.9848,0.5188
1551.02,117.221,0.5457
1552.1,117.3139,0.4773
1553.77,117.4704,0.4429
1556.52,117.7452,0.5208
1559.25,118.0121,0.4451
1559.27,118.0142,0.3972
1562.02,118.2829,0.3855
1564.77,118.4836,0.3459
1566.4,118.5928,0.4087
1570.25,118.8627,0.4105
1573.02,119.1175,0.2941
1573.55,119.1699,0.2963
1577.4,119.55,0.2907
1578.52,119.6666,0.2121
1581.25,119.922,0.2935
1581.27,119.9236,0.2237
1584.02,120.1342,0.18
1585.65,120.2455,0.0976
1586.77,120.3185,0.1131
1588.95,120.4577,0.0664
1589.52,120.495,0.0422
1592.27,120.6742,-0.0209
1595.18,120.8638,-0.069
1596.65,120.967,-0.0636
1597.77,121.0495,-0.1152
1600.5,121.2864,-0.0358
1600.52,121.2881,-0.0458
1603.27,121.5201,-0.1688
1604.35,121.6055,-0.1076
1606.02,121.7281,-0.1769
1608.2,121.8689,-0.058
1608.77,121.9026,-0.2473
1611.52,122.0615,-0.238
1612.05,122.0932,-0.1867
1614.27,122.2333,-0.2598
1617.02,122.4305,-0.2603
1619.75,122.6184,-0.1686
1619.77,122.6196,-0.2351
1622.68,122.8003,-0.296
1623.6,122.858,-0.2166
1625.27,122.9618,-0.32
1628,123.1488,-0.2903
1628.02,123.1502,-0.3105
1630.77,123.3393,-0.3796
1631.85,123.4157,-0.3099
1633.52,123.5496,-0.3446
1635.7,123.737,-0.2576
1636.27,123.7872,-0.3942
1639.02,124.022,-0.2893
1639.55,124.0662,-0.2326
1641.77,124.2261,-0.374
1644.52,124.3952,-0.3476
1647.25,124.5633,-0.3809
1647.27,124.5646,-0.349
1650.21,124.7569,-0.3985
1651.1,124.8134,-0.4581
1652.77,124.9277,-0.3849
1654.95,125.0659,-0.3563
1655.52,125.098,-0.3738
1658.25,125.2656,-0.2672
1658.27,125.2669,-0.3635
1661.02,125.4584,-0.3041
1662.65,125.5771,-0.279
1663.77,125.6583,-0.3524
1667.05,125.8773,-0.2475
1669.27,126.0228,-0.3532
1670.9,126.1404,-0.1021
1672.02,126.2255,-0.272
1674.77,126.4636,-0.2091
1675.3,126.5123,-0.1501
1677.52,126.6986,-0.1778
1679.7,126.8555,-0.0721
1683.02,127.0914,-0.0436
1684.1,127.1843,-0.0784
1685.77,127.3308,0.0223
1688.5,127.5572,0.0406
1691.28,127.7506,0.122
1694.02,127.9304,0.1731
1696.77,128.1233,0.2031
1697.3,128.1596,0.2413
1699.52,128.3149,0.3532
1702.25,128.4853,0.4249
1702.27,128.4864,0.3938
1705.53,128.657,0.4567
1706.65,128.7163,0.5051
1707.77,128.7816,0.5
1710.5,128.9434,0.6898
1710.52,128.9445,0.5877
1713.27,129.0996,0.6669
1714.9,129.1908,0.8248
1716.02,129.2543,0.731
1718.77,129.4109,0.8651
1721.52,129.5721,0.8951
1722.6,129.6354,0.936
1724.27,129.7322,0.9086
1726.45,129.8597,0.98
1727.02,129.8938,0.9565
1729.77,130.0669,1.0164
1730.3,130.1004,1.0384
1732.7,130.25,0.9775
1733.6,130.3085,1.007
1735.27,130.4161,1.0357
1736.35,130.4817,0.9564
1738.02,130.5805,1.0114
1740.77,130.7299,0.9978
1742.4,130.8179,1.0642
1743.52,130.8866,1.0778
1745.15,130.9982,1.1394
1746.27,131.087,1.1727
1747.9,131.2245,1.0848
1749.02,131.3229,1.1448
1750.65,131.4623,1.1964
1751.77,131.5495,1.0837
1753.95,131.7056,1.1026
1754.52,131.7473,1.1402
1755.6,131.8299,1.1069
1758.35,132.0637,1.1179
1760.18,132.2577,1.0715
1761.1,132.3553,1.1139
1762.77,132.5311,1.0532
1764.95,132.7452,1.1163
1765.52,132.7977,1.1226
1766.6,132.9008,1.1933
1768.27,133.0713,1.063
1768.8,133.1299,1.0986
1770.45,133.3418,1.077
1772.1,133.5706,1.0914
1773.75,133.7903,1.1347
1773.83,133.8014,1.017
1775.4,134.0058,1.0859
1776.52,134.1547,1.0651
1777.05,134.2288,1.0926
1779.37,134.5588,0.991
1782,134.9706,1.0353
1782.02,134.974,1.0444
1783.65,135.2556,1.0766
1784.75,135.4514,1.0863
1784.77,135.455,1.0209
1784.84,135.4678,0.9927
1786.4,135.7665,1.022
1787.52,135.9945,1.0027
1787.58,136.0066,0.9685
1788.6,136.2126,1.0174
1789.15,136.318,1.0357
1790.42,136.5826,0.975
1791.9,136.8975,1.0636
1793.02,137.1055,0.9777
1795.83,137.5817,0.9745
1801.33,138.5366,0.915
1804.57,139.2037,0.934
1806.83,139.6653,0.923
1809.52,140.223,0.8896
1812.41,140.7992,0.852
1815.08,141.332,0.8025
1817.77,141.8758,0.7974
1817.83,141.8878,0.776
1823.33,143.0481,0.657
1828.83,144.1719,0.6465
1834.38,145.1796,0.644
1839.77,146.2147,0.558
1845.33,147.3163,0.5585
1867.27,151.6361,0.7282
1870.02,152.1936,0.6892
1872.23,152.6528,0.6343
1875,153.1788,0.7829
1877.75,153.6493,0.7022
1879.95,154.0401,0.7787
1880.5,154.1372,0.7195
1882.15,154.4561,0.8176
1884.9,155.0557,0.711
1886,155.3335,0.6962
1887.65,155.7528,0.7768
1888.75,156.03,0.7671
1889.85,156.3037,0.717
1891.45,156.7317,0.61
1891.5,156.7452,0.7207
1893.15,157.1561,0.7532
1894.25,157.4116,0.6349
1895.35,157.6548,0.6613
1901.9,159.0821,0.575
1902.5,159.208,0.6822
1904.07,159.4946,0.7016
1904.15,159.508,0.6891
1909.65,160.3988,0.7507
1910.2,160.4934,0.7718
1912.4,160.9073,0.6852
1913.5,161.1288,0.6915
1914.52,161.358,0.695
1915.15,161.5077,0.6542
1916.25,161.7802,0.5611
1917.35,162.0517,0.5082
1919,162.4383,0.5953
1921.75,163.0303,0.4387
1923.32,163.3439,0.5804
1923.95,163.4624,0.5789
1926.15,163.8654,0.5646
1927.25,164.0798,0.5021
1928.35,164.2817,0.5208
1930,164.6297,0.4861
1931.65,165.0072,0.4238
1933.85,165.5266,0.3148
1935.48,165.9304,0.1599
1937.15,166.3551,0.2081
1937.7,166.4934,0.1214
1941,167.3091,0.0427
1943.15,167.7604,-0.0796
1943.67,167.8552,-0.016
1944.85,168.0763,-0.0228
1946.48,168.3557,-0.1437
1946.5,168.3588,-0.0234
1948.15,168.6049,-0.0523
1949.25,168.7632,-0.0514
1950.35,168.9303,0.0123
1950.9,169.0164,-0.0199
1953.57,169.5041,-0.0471
1954.2,169.6291,-0.0015
1956.4,170.1338,-0.0609
1959.15,170.7878,-0.1446
1963.47,171.7777,-0.183
1965.15,172.1502,-0.2763
1968.5,172.8495,-0.1417
1970.15,173.221,-0.0759
1971.25,173.4882,-0.0496
1972.82,173.8756,-0.041
1972.85,173.8831,-0.1073
1974,174.1635,-0.035
1975.65,174.5725,-0.035
1976.75,174.8454,-0.044
1979.48,175.4877,-0.11
1980.05,175.6181,-0.0238
1982.17,176.096,0.024
1982.25,176.114,-0.0221
1983.35,176.3636,0.0576
1985,176.7824,0.0977
1986.65,177.2348,0.1588
1992.07,178.4656,0.3135
1993.23,178.6789,0.2979
1995.43,179.084,0.4377
1995.95,179.1737,0.3993
1997.65,179.4912,0.6259
1998.75,179.7183,0.6282
2001.45,180.3068,0.658
2001.5,180.3186,0.7713
2003.15,180.7231,0.6719
2004.25,181.0106,0.7156
2005.35,181.3011,0.7425
2007,181.7461,0.6617
2008.57,182.2033,0.7464
2009.2,182.3923,0.7557
2011.4,183.0143,0.7575
2012.5,183.2868,0.6847
2014.15,183.7055,0.768
2016.82,184.3729,0.7277
2020.15,185.2033,0.6152
2022.4,185.7726,0.7412
2023.5,186.0248,0.7206
2026.72,186.7321,0.5784
2026.75,186.7385,0.4317
2030.05,187.4455,0.5142
2031.15,187.6891,0.072
2032.8,188.0593,0.3965
2034.45,188.4086,0.233
2036.1,188.7486,0.1107
2036.62,188.8515,0.3737
2038.85,189.2388,0.3366
2039.95,189.4058,0.179
2041.6,189.6479,0.3072
2042.7,189.7982,0.3201
2044.35,190.0489,0.0684
2045.42,190.2413,0.2902
2046,190.3497,0.2525
2047.65,190.7005,0.2223
2052.05,191.7529,-0.0273
2052.6,191.9008,-0.011
2053.15,192.0461,-0.0076
2054.77,192.5168,-0.1382
2054.8,192.5253,-0.109
2055.9,192.8184,-0.126
2056.48,192.9611,-0.1722
2057.55,193.2049,-0.0415
2058.65,193.4247,-0.0759
2060.3,193.6962,-0.1144
2061.95,193.9296,-0.0812
2063.6,194.1811,-0.087
2064.15,194.2859,-0.0974
2064.67,194.39,-0.0659
2066.35,194.7516,-0.1189
2068,195.156,-0.0778
2069.65,195.5758,-0.1944
2069.68,195.5834,-0.1643
2071.3,195.9752,-0.2019
2072.4,196.2153,-0.2048
2072.95,196.3306,-0.1987
2075.67,196.835,-0.1893
2075.7,196.84,-0.1932
2078.45,197.2711,-0.1703
2080.65,197.6517,-0.16645
2082.3,197.9618,-0.1591
2083.95,198.288,-0.1446
2084.53,198.4083,-0.1338
2086.18,198.7505,-0.045
2087.8,199.0816,-0.0819
2088.32,199.1796,-0.0385
2089.45,199.3911,-0.0543
2091.65,199.7485,0.0845
2092.2,199.8318,0.008
2093.3,199.9791,0.0534
2095.5,200.1978,0.0915
2097.15,200.3703,0.1952
2099.9,200.7568,0.2218
2100.97,200.94,0.3218
2101,200.9453,0.255
2101.55,201.044,0.45
2102.1,201.1465,0.3339
2103.2,201.3417,0.3347
2103.75,201.4327,0.3789
2104.85,201.6141,0.3921
2105.95,201.7884,0.5192
2107.05,201.959,0.4987
2108.15,202.1299,0.5092
2108.18,202.1347,0.4599
2109.8,202.4091,0.5397
2111.42,202.7336,0.5588
2111.45,202.7402,0.5325
2113.65,203.2005,0.5083
2115.85,203.6648,0.5515
2117.5,203.9892,0.5502
2119.15,204.3065,0.5345
2120.8,204.6374,0.5161
2121.87,204.867,0.5312
2122.45,204.9964,0.5081
2124.1,205.3789,0.5334
2124.65,205.5043,0.4977
2125.75,205.7537,0.509
2127.4,206.0879,0.5275
2129.05,206.4054,0.4897
2132.35,206.9734,0.5243
2132.87,207.0574,0.3363
2134.55,207.3344,0.5074
2136.2,207.6141,0.4733
2137.85,207.8856,0.46
2140.05,208.2457,0.4803
2143.35,208.8166,0.4188
2146.07,209.2738,0.4425
2146.1,209.2787,0.4058
2147.75,209.5467,0.3791
2149.95,209.9134,0.3474
2151.6,210.1863,0.3079
2155.45,210.797,0.2971
2157.1,211.031,0.1817
2158.17,211.1744,0.1709
2158.75,211.2481,0.1891
2160.95,211.5288,0.0862
2166.45,212.4376,-0.0204
2168.1,212.7246,-0.0339
2170.3,213.0877,-0.0807
2171.95,213.3474,-0.0546
2173.6,213.595,-0.0529
2178,214.2925,-0.0347
2179.65,214.5673,-0.0685
2181.85,214.9843,-0.0411
2182.4,215.1015,-0.0029
2182.92,215.2073,-0.0348
2183.5,215.3194,-0.002
2185.7,215.7592,0.0025
2188.45,216.2441,0.0905
2190.1,216.4802,-0.0662
2190.65,216.5535,-0.1685
2192.85,216.8566,0.1484
2193.98,217.0355,0.1918
2194.5,217.1246,0.1782
2197.25,217.65,0.1672
2198.9,217.9877,0.1339
2200,218.2114,0.1241
2202.17,218.6734,0.1142
2203.85,219.0127,0.1209
2204.4,219.1232,0.145
2204.95,219.2423,0.1415
2206.05,219.4837,0.1314
2207.15,219.7467,0.1312
2208.25,220.0144,0.1468
2209.87,220.4097,0.1733
2210.45,220.5423,0.1552
2211.55,220.7881,0.2112
2212.65,221.0153,0.2333
2213.75,221.2346,0.2668
2214.85,221.459,0.31
2215.95,221.6831,0.3106
2216.47,221.7922,0.3688
2217.05,221.9202,0.3396
2219.8,222.6438,0.3944
2220.9,222.9956,0.414
2222,223.4032,0.4632
2223.07,223.7702,0.5117
2223.65,223.9758,0.4872
2224.75,224.3526,0.5627
2225.85,224.7173,0.571
2226.95,225.0567,0.5775
2228.05,225.3674,0.5917
2230.22,225.9586,0.6687
2230.25,225.9672,0.6505
2232.45,226.6346,0.8799
2233,226.7973,0.7858
2234.1,227.0896,0.8102
2235.75,227.4825,0.8241
2236.82,227.7305,0.8918
2236.85,227.7374,0.9116
2237.95,228.023,0.9114
2238.5,228.1735,0.9493
2240.7,228.7874,0.9279
2241.8,229.1197,0.8286
2242.9,229.4475,0.7738
2243.42,229.6056,0.7561
2244,229.7865,0.7078
2245.1,230.1297,0.7359
2246.2,230.4593,0.642
2248.4,231.0291,0.6519
2249.5,231.3083,0.6794
2251.12,231.7647,0.6204
2251.15,231.7738,0.6333
2252.25,232.1016,0.6241
2253.35,232.4211,0.5906
2254.45,232.7215,0.5815
2256.1,233.124,0.5451
2257.2,233.3652,0.5775
2258.85,233.7245,0.4963
2259.37,233.8419,0.5601
2261.62,234.3968,0.5404
2262.72,234.6838,0.4649
2263.82,234.9702,0.4527
2264.35,235.1093,0.439
2266,235.5562,0.3753
2266.03,235.5644,0.3545
2267.12,235.8542,0.2696
2268.17,236.1073,0.2863
2268.72,236.2344,0.3011
2268.75,236.2413,0.3215
2270.4,236.6019,0.2523
2270.43,236.6083,0.2477
2271.53,236.8384,0.1557
2272.05,236.9407,0.1864
2272.57,237.0406,0.1475
2273.67,237.2683,0.0528
2273.7,237.2745,0.1218
2274.8,237.4955,0.0805
2274.88,237.5117,0.0638
2275.87,237.7101,0.0782
2275.93,237.7222,0.0538
2276.45,237.8276,-0.0104
2277.12,237.9649,-0.0152
2279.17,238.3675,-0.0115
2279.36,238.406,-0.035
2279.75,238.4852,-0.0206
2280.82,238.6923,-0.0236
2281.4,238.801,0.0091
2281.43,238.8067,-0.0211
2283.05,239.1204,-0.0367
2283.72,239.2501,-0.0361
2285.18,239.5287,-0.0386
2285.25,239.5418,0.0721
2285.77,239.639,0.0346
2286.9,239.8571,-0.034
2288.12,240.0802,-0.007
2289.59,240.3591,0.0204
2290.32,240.4862,0.0278
2291.27,240.6413,0.0597
2291.85,240.7402,0.0364
2292.53,240.8608,0.11
2293.53,241.0345,0.1339
2294.57,241.2168,0.1544
2294.73,241.2457,0.1564
2295.67,241.4139,0.2496
2295.7,241.4192,0.1827
2296.93,241.6281,0.2287
2297.9,241.785,0.2838
2297.93,241.7895,0.2771
2298.97,241.9433,0.4281
2300.07,242.0976,0.4591
2300.1,242.1017,0.3644
2301.38,242.2775,0.4545
2302.3,242.3966,0.4833
2302.33,242.4001,0.5223
2303.57,242.5403,0.5823
2306.15,242.8415,0.6834
2308.9,243.198,0.7459
2310.55,243.4349,0.7378
2311.65,243.6013,0.7405
2313.3,243.8656,0.7709
2315.5,244.231,0.7338
2316.6,244.4167,0.721
2317.15,244.5147,0.7642
2318.25,244.7135,0.6762
2319.35,244.932,0.6886
2320.45,245.1611,0.6859
2321.55,245.3903,0.6546
2323.2,245.7552,0.6384
2324.3,246.0164,0.6297
2325.4,246.2972,0.6206
2326.5,246.5987,0.6015
2327.05,246.7514,0.5761
2328.15,247.0865,0.5525
2329.8,247.6499,0.5677
2330.35,247.8314,0.5866
2331.45,248.1719,0.6273
2332,248.3308,0.6151
2333.1,248.6459,0.6819
2333.65,248.7956,0.7113
2334.75,249.0981,0.7639
2335.3,249.2569,0.7343
2336.4,249.5848,0.8106
2337.5,249.935,0.7735
2338.6,250.3175,0.7789
2339.15,250.5223,0.7898
2340.25,250.9434,0.7238
2341.9,251.5878,0.7241
2343,251.9984,0.8426
2343.55,252.2012,0.7401
2344.1,252.4163,0.7308
2344.65,252.6335,0.7262
2345.75,253.0541,0.7529
2346.85,253.4548,0.7857
2347.95,253.8603,0.6324
2348.5,254.0711,0.6247
2349.6,254.477,0.6164
2349.62,254.4842,0.6206
2350.15,254.6749,0.5075
2351.11,255.0264,0.6131
2351.25,255.0787,0.4937
2351.88,255.3256,0.586
2352.35,255.5077,0.389
2352.87,255.7051,0.5767
2353.45,255.9314,0.3732
2354,256.1475,0.5091
2354.55,256.3626,0.4337
2355.65,256.7941,0.3282
2356.75,257.1902,0.223
2357.85,257.5653,0.3513
2358.92,257.9135,0.5057
2358.95,257.923,0.1419
2360.05,258.2699,0.1751
2361.15,258.5866,0.248
2362.25,258.9193,0.1717
2363.35,259.2704,0.1927
2364.42,259.648,0.4245
2364.45,259.6592,0.2836
2365.55,260.0956,0.348
2366.65,260.5249,0.1367
2367.75,260.9233,0.2114
2368.85,261.3667,0.2279
2369.95,261.8417,0.2099
2370.47,262.0454,0.3061
2372.15,262.6808,0.2768
2373.25,263.1155,0.2155
2374.35,263.537,0.215
2375.45,263.9659,0.22
2376.52,264.3781,0.4243
2376.55,264.3901,0.2699
2377.65,264.7861,0.431
2378.75,265.1694,0.3916
2379.85,265.5711,0.4603
2380.95,265.9842,0.4595
2382.05,266.3862,0.463
2383.15,266.8019,0.3904
2385.35,267.6271,0.5045
2386.45,268.0728,0.4301
2386.97,268.2849,0.6059
2387.55,268.5111,0.5224
2388.65,268.9375,0.466
2389.75,269.3972,0.5415
2390.85,269.8583,0.5105
2391.92,270.3089,0.6736
2391.95,270.3216,0.534
2393.05,270.7974,0.5504
2394.15,271.2899,0.4634
2395.25,271.7925,0.5358
2396.32,272.274,0.6908
2396.35,272.2875,0.608
2397.45,272.7643,0.5798
2398.55,273.2628,0.6123
2399.65,273.742,0.566
2400.75,274.2123,0.5454
2401.27,274.4293,0.6929
2401.85,274.6679,0.5282
2402.95,275.1098,0.5978
2404.05,275.542,0.5205
2405.15,275.9728,0.5145
2406.22,276.3978,0.7137
2406.25,276.4098,0.4598
2407.35,276.8495,0.6111
2408.45,277.3062,0.5931
2409.55,277.7707,0.5658
2410.65,278.1837,0.5367
2411.17,278.3826,0.7698
2411.75,278.6134,0.6212
2412.85,279.0604,0.5513
2413.95,279.5205,0.5586
2415.05,279.9272,0.4079
2416.15,280.3243,0.5005
2416.67,280.5164,0.6326
2417.25,280.7435,0.4451
2418.35,281.1376,0.4059
2419.45,281.5399,0.4267
2420.55,281.9253,0.504
2421.65,282.2735,0.2539
2422.75,282.5858,0.4628
2423.85,282.922,0.4047
2424.95,283.2514,0.3146
2426.05,283.607,0.1863
2427.15,283.9453,0.0774
2428.25,284.284,0.1772
2429.35,284.624,0.1346
2430.45,284.9696,0.1522
2431.55,285.3167,0.1399
2432.65,285.6654,0.0636
2433.75,286.0119,0.0849
2435.37,286.4895,0.1364
2438.15,287.2644,-0.0492
2440.35,287.8408,-0.0562
2441.45,288.1274,-0.1406
2441.97,288.2727,-0.0291
2442.55,288.4297,-0.134
2443.65,288.7447,-0.0906
2444.75,289.0551,-0.1106
2446.95,289.6483,-0.1549
2448.05,289.9445,-0.2483
2448.57,290.0819,-0.0415
2449.15,290.2307,-0.3144
2450.25,290.5091,-0.2799
2451.35,290.78,-0.1927
2452.45,291.0431,-0.1594
2454.07,291.4565,0.0939
2455.75,291.9093,-0.1496
2456.85,292.2509,-0.1116
2457.95,292.6172,-0.095
2459.02,293.0068,0.0255
2459.05,293.0181,-0.0236
2461.25,293.8831,-0.1306
2464.52,295.2437,0.1715
2465.65,295.6893,0.0937
2469.47,297.0752,0.5706
2470.05,297.2978,0.4223
2474.45,299.1528,0.3933
2474.97,299.3743,0.5155
2479.43,301.0776,0.643
2480.47,301.4908,0.672
2482.74,302.3672,0.492
2485.97,303.4487,0.4628
2487.14,303.8245,0.3385
2491.47,305.2449,0.361
2496.42,307.069,0.0722
2501.92,309.3023,0.0244
2504.74,310.4459,0.084
2507.42,311.4517,0.0534
2509.14,312.1068,0.0235
2513.47,313.7588,0.1614
2513.54,313.7845,0.1415
2517.94,315.3707,0.2605
2520.07,316.0799,0.3706
2525.02,317.7374,0.5927
2526.74,318.4038,0.5315
2531.07,320.3059,0.6422
2531.14,320.3353,0.6085
2537.67,322.6665,0.5728
2544.34,324.655,0.3905
2545.37,324.9514,0.543
2548.74,325.9054,0.2125
2553.14,327.048,0.035
2553.62,327.1702,0.0607
2555.85,327.7392,0.0327
2556.95,328.029,-0.1083
2557.53,328.1842,-0.0529
2558.05,328.325,-0.1067
2559.15,328.6126,-0.1295
2561.35,329.21,-0.1746
2561.87,329.3526,-0.2084
2561.9,329.3609,-0.0431
2563.55,329.7736,-0.1908
2564.1,329.9116,-0.1586
2565.2,330.194,-0.1938
2566.34,330.4748,-0.1485
2567.95,330.8518,-0.1695
2570.12,331.3485,-0.1925
2570.15,331.3554,-0.1721
2570.74,331.4994,-0.2215
2571.25,331.6256,-0.1652
2572.9,332.0423,-0.0781
2574.55,332.4674,-0.0766
2575.14,332.6125,0.037
2576.2,332.848,0.1201
2577.85,333.1823,0.1903
2580.02,333.5719,0.364
2580.08,333.5821,0.2782
2580.6,333.6704,0.4013
2582.25,333.9635,0.5809
2582.28,333.9688,0.4924
2583.35,334.1588,0.708
2583.94,334.2613,0.85
2584.48,334.3541,0.7389
2585.55,334.5477,0.8306
2587.2,334.8582,0.8927
2588.3,335.0527,0.861
2588.34,335.06,0.9325
2588.85,335.1534,0.9163
2589.37,335.2503,0.466
2589.95,335.3632,0.9271
2590.5,335.4692,0.9059
2591.08,335.5818,0.752
2591.6,335.6911,0.8739
2592.15,335.818,0.959
2592.74,335.9538,0.969
2593.25,336.0757,0.955
2594.9,336.5089,1.0174
2595.42,336.6609,0.8527
2596.55,337.0058,1.0597
2597.1,337.1821,1.0651
2597.65,337.3679,1.0977
2599.3,337.9422,1.0839
2599.85,338.1431,1.1563
2600.37,338.3343,1.0597
2600.95,338.5536,1.1643
2601.5,338.7712,1.1839
2601.53,338.7833,1.1961
2602.05,338.9932,1.196
2602.6,339.2218,1.1681
2603.15,339.4593,1.1424
2603.67,339.693,1.194
2604.8,340.2053,1.1824
2605.35,340.4698,1.193
2605.9,340.742,1.177
2605.94,340.7623,1.2015
2606.45,341.0209,1.1952
2606.97,341.2951,1.1565
2607.55,341.6154,1.1329
2608.1,341.942,1.1511
2609.2,342.6269,1.135
2609.75,342.9684,1.1203
2610.3,343.328,1.1066
2610.34,343.3529,1.125
2610.82,343.6514,1.1209
2611.4,344.0215,1.1445
2611.95,344.3504,1.0761
2613.05,345.028,1.0588
2614.12,345.7189,0.9708
2614.15,345.7382,1.0312
2617.97,348.1296,0.941
2623.54,351.4771,0.8595
2625.67,352.7439,0.6959
2627.94,354.057,0.6905
2628.97,354.6371,0.671
2631.23,355.9398,0.557
2632.34,356.6766,0.64
2633.43,357.4268,0.59
2635.57,358.9298,0.6014
2635.63,358.9737,0.598
2637.83,360.6236,0.565
2638.87,361.3952,0.5466
2641.14,363.0222,0.4265
2642.17,363.7358,0.4227
2642.23,363.7754,0.2934
2644.43,365.1889,0.5572
2645.54,365.8463,0.273
2646.02,366.1306,0.2325
2646.63,366.481,0.2
2649.32,368.035,0.0504
2651.03,368.9872,0.031
2653.17,370.1993,-0.0095
2654.34,370.87,0.0215
2655.43,371.5536,0.295
2657.02,372.5287,0.0037
2658.74,373.5417,0.0435
2659.83,374.1554,0.046
2660.87,374.7414,0.226
2662.03,375.3721,0.142
2664.23,376.5183,-0.0211
2664.72,376.7867,0.4904
2667.54,378.4319,0.409
2668.07,378.7352,0.351
2668.63,379.0497,0.336
2670.82,380.2045,0.2595
2671.94,380.7659,0.1975
2673.57,381.5844,0.211
2676.34,382.901,0.2175
2677.43,383.4059,0.245
2679.07,384.1871,0.292
2681.82,385.437,0.407
2685.14,387.0575,0.26
2686.23,387.5735,0.33
2687.32,388.0717,0.299
2689.54,389.1012,0.418
2690.07,389.3377,0.47
2692.82,390.821,0.4905
2693.94,391.5228,0.545
2693.95,391.5294,0.532
2695.57,392.541,0.51
2697.23,393.4555,0.683
2698.32,394.0362,0.663
2698.35,394.0517,0.6605
2702.74,396.081,0.658
2702.75,396.0851,0.653
2706.03,397.414,0.791
2707.14,397.8359,0.585
2707.15,397.8399,0.552
2708.23,398.2712,0.169
2711.55,399.5724,0.4115
2715.94,401.2965,0.252
2715.95,401.3003,0.2215
2719.23,402.5184,0.176
2720.34,402.893,0.1245
2720.35,402.8965,0.09
2721.43,403.2724,0.068
2723.63,403.9937,0.064
2724.74,404.356,-0.068
2724.75,404.3592,-0.03
2725.83,404.7162,0.028
2729.14,405.7922,-0.025
2729.15,405.7955,-0.0515
2732.43,406.9102,-0.398
2733.55,407.2978,-0.039
2736.83,408.4039,-0.271
2737.94,408.7912,0.021
2737.95,408.7947,0.017
2740.65,409.6992,0.111
2741.75,410.0665,0.0806
2742.3,410.2497,0.074
2742.35,410.2668,0.1045
2742.85,410.4376,0.0881
2743.43,410.6377,0.277
2743.95,410.8151,0.1108
2744.5,410.9964,0.1788
2745.6,411.3572,0.2062
2745.63,411.3673,0.087
2746.15,411.5419,0.2263
2746.74,411.74,0.223
2746.75,411.7434,0.236
2747.25,411.9151,0.2735
2747.8,412.1109,0.2632
2749.45,412.7177,0.3017
2750,412.9272,0.316
2750.55,413.1413,0.3275
2751.1,413.3582,0.3473
2751.14,413.374,0.4165
2751.15,413.3779,0.3415
2752.2,413.7866,0.3915
2752.75,414.0052,0.4017
2753.3,414.2393,0.4128
2754.4,414.7147,0.4821
2754.95,414.9532,0.5254
2755.5,415.1894,0.5265
2755.54,415.2056,0.483
2755.55,415.2097,0.496
2756.05,415.4126,0.5379
2757.7,416.0896,0.5951
2758.25,416.3158,0.6144
2758.8,416.5457,0.5875
2758.83,416.5577,0.622
2759.94,417.0014,0.587
2759.95,417.0054,0.607
2761,417.4258,0.5865
2761.03,417.4374,0.717
2762.65,418.0779,0.6852
2763.23,418.3138,0.698
2763.75,418.5175,0.6544
2764.3,418.7384,0.6393
2764.35,418.7583,0.6295
2765.4,419.1786,0.6246
2765.95,419.412,0.5752
2766.5,419.6532,0.5631
2768.74,420.6961,0.672
2768.75,420.7006,0.6655
2769.25,420.9258,0.6611
2770.35,421.4651,0.6965
2770.9,421.7366,0.7047
2771.45,422.0139,0.6939
2772,422.2864,0.6542
2773.1,422.8358,0.6545
2773.14,422.8568,0.6495
2773.15,422.8621,0.674
2773.65,423.1243,0.7062
2774.2,423.415,0.7126
2774.23,423.4312,0.435
2774.75,423.713,0.7294
2775.3,424.0179,0.7313
2775.85,424.3144,0.7793
2776.43,424.619,0.801
2776.95,424.8997,0.9142
2777.5,425.1985,0.9986
2777.54,425.2194,0.9865
2777.55,425.2247,0.9825
2778.05,425.4857,1.0373
2778.6,425.7787,1.1667
2779.7,426.3092,1.3259
2780.25,426.558,1.4094
2780.8,426.8158,1.115
2780.83,426.8303,0.937
2781.35,427.0824,1.4464
2781.95,427.3968,1.4285
2782.11,427.4824,1.43
2782.45,427.6643,1.4202
2785.2,429.457,1.3508
2785.23,429.4808,1.3067
2785.75,429.8919,1.2739
2786.3,430.3703,1.3515
2786.34,430.4034,1.2775
2786.35,430.4117,1.2495
2786.85,430.825,1.2495
2787.4,431.3533,1.4573
2787.43,431.3833,1.292
2787.95,431.9042,1.28
2789.02,433.0784,1.2219
2789.05,433.112,1.205
2789.6,433.7396,1.1665
2789.63,433.7736,1.083
2790.15,434.363,1.1528
2790.7,434.9778,1.156
2790.75,435.0315,1.165
2791.25,435.5684,1.1544
2791.8,436.1362,1.1488
2792.35,436.7888,1.2516
2792.87,437.4377,1.0941
2793.175,437.8086,1.212
2793.725,438.4713,1.1105
2794.275,439.0901,0.9861
2795.1,439.977,0.9235
2795.15,440.0364,0.909
2795.31,440.2264,0.9195
2795.925,440.9662,0.845
2796.475,441.6266,0.77
2797.3,442.6011,0.6871
2797.82,443.2261,0.6276
2799.55,445.2755,0.462
2799.59,445.3228,0.4865
2803.95,450.2993,0.6275
2803.99,450.341,0.554
2806.62,453.2755,0.2062
2808.35,455.2868,0.492
2808.39,455.3314,0.514
2811.07,458.3624,0.4655
2812.75,460.2986,0.363
2812.78,460.3374,0.416
2814.87,463.0212,0.3609
2816.57,465.0809,0.1195
2817.15,465.7276,0.209
2817.19,465.7706,0.2055
2819.32,468.1198,0.645
2821.55,470.7301,0.548
2821.59,470.7762,0.5945
2822.47,471.7935,0.619
2823.67,473.0373,0.6175
2825.22,474.5252,0.6671
2825.87,475.0717,0.6316
2825.99,475.1667,0.7095
2827.97,476.8556,0.487
2828.07,476.9501,0.507
2830.27,479.0691,0.1684
2830.39,479.1704,0.27
2830.72,479.4454,0.108
2832.47,480.8265,0.1494
2833.47,481.6726,0.019
2834.15,482.2682,0.7205
2834.67,482.702,-0.2572
2834.8,482.8067,-0.017
2836.22,483.9115,-0.062
2836.87,484.4069,-0.4759
2838.97,485.8917,-0.026
2839.19,486.0444,0.0075
2839.62,486.3371,0.0448
2841.72,487.7479,0.203
2841.82,487.8152,0.1577
2843.47,488.934,0.3685
2843.59,489.0142,0.3315
2845.12,490.0226,0.518
2847.99,491.8508,0.7015
2848.42,492.122,0.731
2851.72,494.2605,0.7125
2852.39,494.7064,0.7375
2854.47,496.0796,0.593
2856.79,497.6422,0.4835
2857.77,498.3036,0.3765
2861.07,500.5462,0.1375
2861.19,500.627,0.151
2864.92,503.1564,0.0785
2865.61,503.6248,0.123
2868.22,505.3103,0.1395
2869.99,506.4146,0.3085
2871.52,507.4442,0.3615
2872.1,507.8475,0.6649
2874.025,509.1446,0.5733
2874.27,509.3105,0.587
2874.39,509.3927,0.664
2874.575,509.5199,0.6532
2874.82,509.6884,0.6695
2875.125,509.9078,0.6782
2875.675,510.322,0.724
2876.225,510.751,0.7842
2877.05,511.3826,0.8159
2877.875,512.0038,0.8165
2878.12,512.1865,0.8955
2878.425,512.4154,0.8828
2878.7,512.6219,0.8913
2878.79,512.6899,0.908
2878.975,512.8298,0.9674
2879.8,513.4547,0.9186
2880.9,514.2739,0.9338
2881.42,514.6531,0.948
2881.725,514.8748,0.971
2882.55,515.4755,0.9948
2883.18,515.9237,1.048
2883.375,516.0576,0.9335
2884.2,516.6293,0.9366
2885.025,517.2156,0.9057
2885.27,517.3897,0.917
2885.575,517.5989,0.8999
2886.125,517.9704,0.8417
2886.95,518.5244,0.818
2887.59,518.9696,0.8445
2887.775,519.0975,0.8039
2888.6,519.661,0.7201
2889.12,520.0016,0.707
2889.7,520.3904,0.6505
2890.25,520.7512,0.607
2890.8,521.1162,0.5635
2891.35,521.4819,0.5622
2891.9,521.847,0.4933
2891.99,521.9074,0.523
2892.725,522.4014,0.4333
2892.97,522.567,0.408
2893.275,522.7706,0.3709
2893.825,523.1386,0.3518
2894.375,523.5089,0.3148
2895.2,524.0985,0.2765
2896.025,524.6975,0.3566
2896.27,524.8756,0.2815
2896.41,524.9762,0.305
2896.575,525.0943,0.2781
2897.125,525.4969,0.2328
2897.675,525.927,0.1963
2898.5,526.5936,0.1691
2899.325,527.2465,0.1572
2899.57,527.4386,0.1545
2899.875,527.6769,0.1373
2900.425,528.111,0.062
2900.79,528.4015,0.061
2900.975,528.5478,0.0978
2901.525,528.9786,0.1087
2902.075,529.4131,0.0715
2902.87,530.0579,0.1415
2902.9,530.0823,0.0775
2903.42,530.5033,0.0835
2903.725,530.7441,0.1152
2904.275,531.183,0.1659
2904.825,531.6257,0.139
2905.18,531.9085,0.245
2905.375,532.0607,0.197
2905.925,532.4861,0.2812
2906.17,532.6739,0.274
2906.475,532.9123,0.3296
2907.025,533.3457,0.2925
2907.575,533.7953,0.2878
2908.125,534.2646,0.2558
2908.675,534.7538,0.2147
2908.92,534.9779,0.27
2909.5,535.5422,0.1932
2909.59,535.6344,0.181
2910.325,536.3825,0.1604
2910.875,536.9482,0.1637
2911.67,537.7686,0.256
2913.99,540.0121,0.324
2914.97,540.9121,0.364
2916.62,542.3835,0.289
2918.39,544.0293,0.516
2919.37,544.9068,0.5415
2919.92,545.3979,0.3395
2921.02,546.3588,0.263
2922.78,547.8573,0.2535
2923.77,548.708,0.1255
2925.97,550.54,0.094
2927.23,551.4667,0.0445
2928.72,552.5311,0.0105
2931.59,554.363,0.0725
2932.57,555.0238,0.0785
2935.32,556.6696,0.07
2935.99,557.0236,0.0755
2939.72,558.7613,0.454
2940.38,559.078,0.456
2944.12,560.9921,0.5315
2944.79,561.3587,0.4987
2948.52,563.171,0.604
2949.19,563.4554,0.587
2953.59,565.1734,0.589
2955.12,565.7399,0.5654
2957.99,566.7612,0.519
2961.72,567.9394,0.431
2962.39,568.1428,0.4225
2966.79,569.4486,0.1185
2968.87,570.1029,0.175
2969.42,570.2885,0.121
2971.19,570.8779,0.055
2974.92,572.1307,-0.086
2975.59,572.3514,-0.0712
2979.99,573.8019,-0.2755
2981.52,574.3481,-0.23
2984.39,575.4313,-0.271
2987.02,576.4863,-0.269
2988.79,577.226,-0.2965
2992.52,578.9934,-0.2505
2993.19,579.3422,-0.2455
2996.92,581.2968,0.033
2997.59,581.6741,0.0255
2999.67,583.0346,0.1535
3001.99,584.9829,0.231
3002.97,585.9729,0.4505
3004.62,587.6423,0.643
3006.39,589.4962,0.5325
3006.82,589.967,0.6095
3007.37,590.5443,0.565
3009.02,592.1573,0.359
3010.79,594.131,-0.0385
3011.22,594.6668,-0.0515
3011.77,595.3364,-0.072
3013.42,597.32,-0.0015
3015.07,599.5286,-0.0075
3015.19,599.7177,-0.0045
3017.27,602.8548,0.199
3018.92,605.1219,0.511
3019.59,606.0631,0.5085
3021.67,608.9257,0.6585
3023.32,611.0608,0.662
3023.99,611.8712,0.541
3026.07,614.2888,0.4275
3028.27,616.8404,0.152
3028.43,617.0217,0.0775
3030.47,619.3743,-0.0165
3031.57,620.6601,-0.056
3032.79,622.1719,-0.1045
3034.32,624.0983,-0.17
3035.97,626.1569,0.252
3037.07,627.6027,0.576
3037.19,627.7621,0.595
3038.72,629.7512,1.1
3039.82,631.2738,1.122
3040.47,632.3347,1.19
3040.92,633.1636,1.072
3041.59,634.5627,0.934
3042.02,635.494,0.835
3042.67,636.8984,0.677
3043.12,637.8236,0.5459
3044.22,640.1726,0.539
3044.86,641.4732,0.4967
3045.32,642.4044,0.3955
3045.99,643.7653,0.398
3046.42,644.6349,0.36
3047.07,645.8617,0.426
3047.52,646.6465,0.4085
3048.62,648.5311,0.4785
3049.24,649.5903,0.599
3049.72,650.3893,0.571
3050.39,651.4751,0.6415
3050.82,652.1834,0.6402
3051.47,653.2634,0.7262
3051.91,654.0001,0.6585
3053.02,655.8597,0.6268
3053.66,656.8571,0.6265
3054.67,658.3603,0.429
3054.78,658.5284,0.4983
3055.86,660.2431,0.3445
3056.32,660.9979,0.2248
3057.97,663.7184,0.0495
3058.07,663.8715,0.1435
3059.18,665.577,0.0025
3059.62,666.2883,-0.0705
3060.26,667.3519,-0.0125
3061.27,669.0176,0.201
3062.47,670.883,0.039
3063.44,672.1775,0.039
3063.59,672.3714,0.091
3064.64,673.7308,0.079
3065.67,675.1308,-0.10525
3066.86,676.752,0.42
3067.99,678.2201,0.5315
3068.42,678.7538,0.4675
3069.07,679.5227,0.591
3071.17,681.8332,0.5565
3071.26,681.9379,0.635
3072.39,683.2316,0.5665
3073.47,684.2898,0.4955
3074.47,685.2798,0.348
3075.67,686.5597,0.2525
3076.78,687.7623,0.189
3077.22,688.2125,0.065
3077.86,688.8222,0.0905
3080.07,690.7592,-0.1155
3081.07,691.5837,-0.1715
3081.18,691.6717,-0.1165
3082.24,692.5015,-0.156
3084.47,694.1575,-0.178
3084.92,694.4802,-0.256
3085.59,694.9498,-0.2555
3086.66,695.6786,-0.1235
3088.86,697.1442,0.0225
3089.32,697.4357,-0.0415
3089.99,697.8561,-0.003
3091.07,698.5155,0.1405
3093.17,699.7408,0.2475
3093.26,699.792,0.325
3094.39,700.4267,0.344
3095.47,701.0006,0.483
3097.66,702.1957,0.6875
3098.12,702.4462,0.6315
3098.78,702.8046,0.7485
3099.87,703.3972,0.716
3101.42,704.2375,0.793
3102.07,704.5943,0.889
3103.18,705.2035,0.8855
3104.26,705.8018,0.8705
3104.59,705.9874,0.819
3106.54,707.1259,0.8525
3107.53,707.7067,0.8005
3108.74,708.3988,0.7305
3110.77,709.5978,0.564
3110.97,709.719,0.612
3111.93,710.3101,0.4925
3112.42,710.6256,0.4059
3113.08,711.0649,0.3735
3113.52,711.3615,0.338
3115.16,712.5208,0.1863
3115.39,712.6863,0.278
3116.34,713.3686,0.2315
3117.43,714.1778,0.227
3118.47,714.9739,0.156
3119.79,716.0079,0.2995
3120.1,716.2605,0.3063
3120.74,716.7725,0.3515
3121.77,717.5893,0.3863
3121.93,717.7256,0.5235
3122.87,718.5411,0.51
3123.96,719.5665,0.4641
3124.15,719.7408,0.3125
3125.14,720.6948,0.157
3125.62,721.2042,0.0755
3126.17,721.8199,-0.0596
3126.35,721.9933,0.0945
3128.37,723.9485,0.08
3128.54,724.106,0.1663
3129.53,725.0576,0.18
3130.74,726.2556,0.2983
3132.12,727.5535,0.2
3133.01,728.419,0.2995
3133.93,729.3123,0.2435
3134.88,730.1427,0.247
3135.14,730.366,0.2825
3137.17,732.1579,0.2836
3137.34,732.3165,0.337
3138.34,733.2263,0.343
3138.69,733.5514,0.2745
3139.53,734.371,0.332
3140.51,735.3491,0.3453
3141.76,736.8066,0.248
3142.78,738.1602,0.195
3143.93,739.7343,0.1395
3145.98,742.6531,-0.0082
3146.14,742.879,0.1705
3147.14,744.2849,0.173
3148.17,745.7483,0.105
3148.34,745.9898,0.181
3148.73,746.5442,0.1287
3150.37,748.935,0.088
3150.55,749.1981,0.205
3151.49,750.5841,0.1355
3151.53,750.6445,0.212
3152.57,752.2253,0.0805
3152.76,752.5121,0.26
3154.78,755.553,0.1525
3154.84,755.6416,0.291
3155.93,757.2266,0.2905
3157.14,758.8544,0.3345
3157.53,759.3292,0.0483
3159.24,761.4197,0.184
3159.72,762.05,0.087
3160.28,762.8115,0.0936
3160.34,762.8986,0.1555
3161.6,764.8224,0.124
3162.34,765.9481,-0.0443
3163.57,767.6611,0.029
3163.74,767.8869,0.1215
3164.74,769.2079,0.107
3165.23,769.8816,-0.0577
3165.95,770.939,0.1935
3167.43,773.2542,0.078
3168.14,774.2796,0.392
3169.14,775.6112,0.3945
3169.63,776.2453,0.1194
3170.34,777.2163,0.497
3170.6,777.5826,0.4798
3172.55,780.288,0.3365
3173.53,781.5371,0.28
3174.74,783.0383,0.151
3175.67,784.1716,0.062
3176.99,785.7494,0.0725
3177.33,786.1589,-0.0033
3177.96,786.926,0.019
3179.14,788.3285,0.138
3180.08,789.4358,-0.0333
3181.39,790.8906,0.4325
3182.34,791.9064,0.4785
3183.58,793.2628,0.529
3185.74,796.0018,0.684
3186.81,797.5666,0.6495
3187.93,799.3826,0.587
3188.87,801.0465,0.487
3190.53,804.4784,0.2045
3191.14,805.8112,0.2732