Core_ID,Latitude,Longitude,Proxy,Basin ,115000,115100,115200,115300,115400,115500,115600,115700,115800,115900,116000,116100,116200,116300,116400,116500,116600,116700,116800,116900,117000,117100,117200,117300,117400,117500,117600,117700,117800,117900,118000,118100,118200,118300,118400,118500,118600,118700,118800,118900,119000,119100,119200,119300,119400,119500,119600,119700,119800,119900,120000,120100,120200,120300,120400,120500,120600,120700,120800,120900,121000,121100,121200,121300,121400,121500,121600,121700,121800,121900,122000,122100,122200,122300,122400,122500,122600,122700,122800,122900,123000,123100,123200,123300,123400,123500,123600,123700,123800,123900,124000,124100,124200,124300,124400,124500,124600,124700,124800,124900,125000,125100,125200,125300,125400,125500,125600,125700,125800,125900,126000,126100,126200,126300,126400,126500,126600,126700,126800,126900,127000,127100,127200,127300,127400,127500,127600,127700,127800,127900,128000,128100,128200,128300,128400,128500,128600,128700,128800,128900,129000,129100,129200,129300,129400,129500,129600,129700,129800,129900,130000
M23323-1,67.77,5.92,UK37,N_ATL,3.9,4.1,4.05,4,3.98,3.94,3.98,3.96,3.99,3.99,4.05,3.96,4.02,4.03,4.09,4.15,4.27,4.4,4.4,4.43,4.53,4.55,4.59,4.64,4.78,4.86,4.88,5.03,5.15,5.26,5.38,5.39,5.54,5.73,5.81,5.97,6.13,6.31,6.48,6.52,6.71,6.97,7,7.13,7.24,7.34,7.61,7.65,7.8,7.87,7.87,8.04,8.06,8.1,8.2,8.24,8.37,8.47,8.46,8.39,8.48,8.56,8.62,8.58,8.63,8.59,8.67,8.63,8.59,8.7,8.6,8.7,8.59,8.65,8.61,8.62,8.63,8.58,8.62,8.49,8.57,8.54,8.47,8.55,8.56,8.54,8.43,8.54,8.53,8.54,8.45,8.37,8.36,8.38,8.39,8.4,8.36,8.35,8.26,8.16,8.18,8.21,8.1,8.07,7.93,7.9,7.87,7.7,7.52,7.38,7.21,6.88,6.55,6.24,5.72,5.33,4.93,4.63,4.49,4.23,3.98,3.87,3.76,3.56,3.46,3.37,3.32,3.2,3.09,3.07,3.04,3,2.95,2.89,2.79,2.81,2.76,2.72,2.77,2.79,2.73,2.72,2.68,2.72,2.76,2.68,2.68,2.75,2.77,2.74,2.69
M23323-1,67.77,5.92,Foram,N_ATL,9.65,9.75,9.86,9.99,10.09,10.12,10.21,10.34,10.46,10.52,10.61,10.71,10.77,10.86,10.98,11.08,11.17,11.24,11.26,11.28,11.3,11.38,11.44,11.49,11.52,11.58,11.64,11.71,11.78,11.87,11.89,11.93,11.95,12.01,12.02,12.08,12.1,12.15,12.19,12.22,12.28,12.37,12.39,12.44,12.51,12.55,12.61,12.63,12.74,12.77,12.8,12.83,12.91,12.93,12.98,13.01,13.11,13.18,13.28,13.31,13.4,13.44,13.46,13.49,13.61,13.68,13.72,13.79,13.8,13.85,13.91,13.89,13.93,13.96,14.02,14.02,14.01,14.04,14.08,14.12,14.14,14.17,14.21,14.19,14.25,14.22,14.2,14.2,14.25,14.19,14.17,14.2,14.21,14.18,14.22,14.23,14.18,14.14,14.17,14.12,14.13,14.05,13.99,14,13.94,13.96,13.92,13.87,13.84,13.77,13.72,13.65,13.57,13.53,13.5,13.39,13.32,13.24,13.09,12.92,12.78,12.63,12.46,12.26,12.06,11.86,11.78,11.62,11.42,11.24,11.07,10.94,10.83,10.68,10.54,10.39,10.3,10.15,9.97,9.85,9.74,9.61,9.45,9.34,9.21,9.09,8.93,8.85,8.7,8.6,8.6
V28-14,64.78,-29.57,Foram,N_ATL,4.93,4.99,5.04,5.11,5.2,5.28,5.37,5.43,5.5,5.59,5.66,5.75,5.84,5.93,6.03,6.15,6.26,6.36,6.43,6.52,6.59,6.67,6.75,6.85,6.94,7.02,7.13,7.21,7.3,7.4,7.52,7.63,7.72,7.82,7.92,8.03,8.1,8.19,8.28,8.41,8.5,8.62,8.72,8.84,8.92,9,9.1,9.16,9.24,9.32,9.37,9.43,9.48,9.53,9.59,9.63,9.69,9.73,9.79,9.83,9.87,9.92,9.97,9.99,10.04,10.07,10.08,10.09,10.11,10.12,10.14,10.15,10.17,10.18,10.19,10.18,10.2,10.2,10.2,10.2,10.19,10.2,10.2,10.2,10.2,10.21,10.22,10.21,10.21,10.2,10.19,10.19,10.19,10.2,10.18,10.18,10.14,10.12,10.11,10.09,10.06,10.03,10,9.96,9.92,9.86,9.8,9.77,9.73,9.68,9.63,9.58,9.51,9.46,9.38,9.3,9.23,9.17,9.08,8.98,8.89,8.81,8.68,8.56,8.42,8.28,8.14,7.96,7.79,7.64,7.49,7.34,7.21,7.07,6.92,6.77,6.61,6.46,6.31,6.16,6.02,5.85,5.72,5.55,5.39,5.24,5.11,4.99,4.87,4.7,4.58
EW9302-JCP8,61.42,-25,Foram,N_ATL,9.65,9.75,9.86,9.99,10.09,10.12,10.21,10.34,10.46,10.52,10.61,10.71,10.77,10.86,10.98,11.08,11.17,11.24,11.26,11.28,11.3,11.38,11.44,11.49,11.52,11.58,11.64,11.71,11.78,11.87,11.89,11.93,11.95,12.01,12.02,12.08,12.1,12.15,12.19,12.22,12.28,12.37,12.39,12.44,12.51,12.55,12.61,12.63,12.74,12.77,12.8,12.83,12.91,12.93,12.98,13.01,13.11,13.18,13.28,13.31,13.4,13.44,13.46,13.49,13.61,13.68,13.72,13.79,13.8,13.85,13.91,13.89,13.93,13.96,14.02,14.02,14.01,14.04,14.08,14.12,14.14,14.17,14.21,14.19,14.25,14.22,14.2,14.2,14.25,14.19,14.17,14.2,14.21,14.18,14.22,14.23,14.18,14.14,14.17,14.12,14.13,14.05,13.99,14,13.94,13.96,13.92,13.87,13.84,13.77,13.72,13.65,13.57,13.53,13.5,13.39,13.32,13.24,13.09,12.92,12.78,12.63,12.46,12.26,12.06,11.86,11.78,11.62,11.42,11.24,11.07,10.94,10.83,10.68,10.54,10.39,10.3,10.15,9.97,9.85,9.74,9.61,9.45,9.34,9.21,9.09,8.93,8.85,8.7,8.6,8.6
ODP 980,55.48,-14.7,Foram,N_ATL,12.19,12.18,12.2,12.17,12.14,12.12,12.17,12.15,12.19,12.2,12.21,12.22,12.19,12.19,12.17,12.22,12.21,12.22,12.22,12.19,12.19,12.2,12.21,12.24,12.29,12.32,12.34,12.41,12.43,12.44,12.49,12.51,12.57,12.62,12.68,12.7,12.73,12.82,12.84,12.95,13.06,13.03,13.08,13.15,13.21,13.23,13.26,13.34,13.43,13.51,13.64,13.69,13.71,13.76,13.86,13.94,14.03,13.96,14.1,14.14,14.18,14.25,14.34,14.36,14.31,14.26,14.39,14.45,14.47,14.51,14.58,14.65,14.6,14.73,14.75,14.77,14.77,14.79,14.87,14.92,14.82,14.91,14.9,14.94,15.02,15.05,15.05,15.04,15.14,15.16,15.2,15.17,15.1,15.18,15.18,15.2,15.14,15.13,15.13,15.14,15.18,15.17,15.15,15.07,15.14,15.09,15.04,14.96,14.84,14.87,14.85,14.82,14.79,14.76,14.69,14.67,14.57,14.57,14.55,14.5,14.47,14.4,14.37,14.3,14.23,14.14,14.04,13.91,13.79,13.73,13.59,13.44,13.3,13.16,12.84,12.6,12.21,11.82,11.33,10.84,10.25,9.63,8.99,8.42,8.03,7.61,7.35,7.18,6.95,6.84,6.76
NA87-25,55.18,-14.73,Foram,N_ATL,13.23,13.23,13.38,13.42,13.49,13.57,13.52,13.52,13.57,13.58,13.46,13.55,13.41,13.31,13.36,13.37,13.35,13.47,13.44,13.46,13.52,13.39,13.39,13.38,13.38,13.41,13.39,13.38,13.36,13.37,13.34,13.4,13.37,13.38,13.46,13.48,13.44,13.45,13.49,13.49,13.55,13.55,13.56,13.62,13.59,13.6,13.59,13.63,13.7,13.69,13.73,13.74,13.72,13.77,13.77,13.79,13.79,13.83,13.87,13.87,13.95,13.95,13.87,13.92,13.93,13.94,13.96,13.94,13.93,13.96,13.93,13.99,14.04,14.07,14.05,14.08,14.1,14.12,14.1,14.1,14.11,14.15,14.22,14.27,14.29,14.34,14.36,14.36,14.38,14.39,14.45,14.49,14.55,14.56,14.58,14.62,14.63,14.64,14.7,14.76,14.83,14.84,14.84,14.88,14.91,15.01,15,15.01,15.06,15.07,15.09,15.13,15.15,15.2,15.2,15.15,15.2,15.21,15.21,15.25,15.29,15.24,15.26,15.23,15.22,15.22,15.14,15.15,15.15,15.12,15.07,15.02,15.04,14.98,14.93,14.85,14.81,14.76,14.71,14.67,14.61,14.57,14.49,14.38,14.27,14.16,14.04,13.84,13.72,13.55,13.37
V27-20,54,-46.2,Foram,N_ATL,7.83,7.89,7.93,7.97,8.01,8.05,8.09,8.14,8.2,8.24,8.29,8.33,8.41,8.51,8.59,8.64,8.74,8.81,8.87,8.94,9.02,9.09,9.15,9.24,9.29,9.37,9.42,9.47,9.54,9.58,9.62,9.68,9.74,9.8,9.87,9.92,9.94,9.97,10.02,10.06,10.1,10.14,10.17,10.21,10.23,10.25,10.26,10.28,10.31,10.33,10.35,10.38,10.4,10.42,10.45,10.45,10.45,10.46,10.48,10.47,10.46,10.46,10.48,10.46,10.47,10.48,10.48,10.5,10.52,10.51,10.52,10.52,10.52,10.54,10.54,10.53,10.54,10.54,10.54,10.54,10.55,10.54,10.54,10.55,10.53,10.54,10.53,10.53,10.52,10.51,10.51,10.5,10.52,10.51,10.53,10.51,10.5,10.5,10.51,10.49,10.53,10.52,10.54,10.54,10.55,10.55,10.56,10.58,10.58,10.58,10.57,10.58,10.6,10.6,10.64,10.64,10.64,10.67,10.7,10.71,10.72,10.72,10.73,10.75,10.75,10.76,10.76,10.75,10.72,10.68,10.64,10.61,10.58,10.53,10.46,10.41,10.36,10.28,10.22,10.1,9.96,9.81,9.67,9.49,9.31,9.13,8.94,8.69,8.46,8.22,7.99
GIK/M23414-9,53.53,-20.29,Foram,N_ATL,9.55,9.57,9.61,9.62,9.64,9.66,9.68,9.71,9.76,9.77,9.77,9.79,9.8,9.8,9.79,9.81,9.81,9.81,9.82,9.83,9.85,9.87,9.89,9.89,9.91,9.92,9.91,9.93,9.93,9.94,9.96,9.98,9.99,9.99,10,10.02,10.03,10.06,10.08,10.09,10.12,10.12,10.15,10.18,10.21,10.25,10.28,10.3,10.33,10.35,10.38,10.41,10.46,10.48,10.52,10.54,10.6,10.61,10.64,10.68,10.72,10.75,10.78,10.82,10.85,10.87,10.9,10.93,10.97,10.99,11.02,11.06,11.08,11.12,11.16,11.2,11.22,11.25,11.31,11.33,11.38,11.41,11.45,11.49,11.52,11.56,11.62,11.65,11.7,11.76,11.79,11.85,11.91,11.97,12.01,12.05,12.09,12.13,12.16,12.19,12.2,12.24,12.25,12.29,12.33,12.35,12.34,12.34,12.37,12.39,12.4,12.4,12.41,12.41,12.39,12.38,12.37,12.33,12.29,12.26,12.23,12.18,12.1,12.02,11.97,11.93,11.85,11.75,11.64,11.51,11.41,11.21,11,10.77,10.54,10.19,9.84,9.48,9.14,8.92,8.75,8.56,8.41,8.19,7.99,7.84,7.64,7.43,7.22,6.95,6.76
NEAP18K,52.76,-30.35,Foram,N_ATL,9.5,9.5,9.53,9.65,9.73,9.82,9.89,9.96,10,10.08,10.23,10.31,10.41,10.46,10.55,10.64,10.73,10.85,10.91,11.03,11.14,11.24,11.3,11.33,11.43,11.5,11.6,11.67,11.74,11.8,11.89,11.99,12.05,12.14,12.17,12.24,12.31,12.41,12.52,12.6,12.68,12.67,12.68,12.71,12.76,12.83,12.83,12.93,12.93,12.99,13,13.01,12.99,13.01,12.95,13.04,13.1,13.1,13.13,13.18,13.2,13.17,13.18,13.22,13.25,13.22,13.18,13.2,13.22,13.22,13.26,13.28,13.28,13.25,13.3,13.3,13.29,13.3,13.33,13.31,13.34,13.39,13.44,13.43,13.42,13.46,13.53,13.62,13.64,13.7,13.75,13.77,13.75,13.81,13.85,13.9,13.91,14,14.04,14.09,14.14,14.29,14.35,14.45,14.55,14.58,14.67,14.78,14.94,15.02,15.05,15.17,15.22,15.34,15.46,15.51,15.47,15.47,15.54,15.61,15.7,15.8,15.77,15.79,15.88,15.98,16.01,16.11,16.13,16.18,16.15,16.16,16.29,16.38,16.41,16.4,16.44,16.47,16.47,16.44,16.33,16.32,16.34,16.31,16.43,16.27,16.15,16.08,16.08,16.02,16.17
V23-82,52.58,-21.93,Foram,N_ATL,10.17,10.16,10.22,10.25,10.28,10.29,10.34,10.37,10.4,10.46,10.49,10.48,10.52,10.57,10.63,10.65,10.68,10.73,10.77,10.76,10.81,10.85,10.87,10.9,10.93,10.98,11.03,11.03,11.07,11.09,11.11,11.12,11.15,11.17,11.21,11.21,11.21,11.26,11.3,11.3,11.3,11.33,11.37,11.42,11.44,11.47,11.46,11.47,11.5,11.52,11.54,11.58,11.62,11.59,11.59,11.61,11.6,11.61,11.6,11.62,11.62,11.63,11.66,11.64,11.61,11.61,11.62,11.57,11.58,11.57,11.59,11.63,11.64,11.64,11.59,11.58,11.57,11.57,11.55,11.53,11.55,11.57,11.57,11.52,11.46,11.42,11.38,11.39,11.42,11.41,11.39,11.37,11.34,11.27,11.23,11.19,11.18,11.15,11.12,11.1,11.08,11.01,10.94,10.9,10.87,10.85,10.8,10.75,10.75,10.65,10.6,10.54,10.52,10.45,10.36,10.29,10.24,10.09,9.95,9.82,9.74,9.58,9.42,9.26,9.07,8.82,8.58,8.33,8.02,7.73,7.38,7.01,6.7,6.44,6.14,5.89,5.57,5.33,5.13,4.9,4.69,4.52,4.38,4.28,4.17,4.11,3.97,3.88,3.81,3.75,3.74
K708-1,50,-23.74,Foram,N_ATL,12.03,12.19,12.39,12.54,12.7,12.82,12.92,13.03,13.15,13.29,13.39,13.48,13.55,13.59,13.65,13.71,13.76,13.83,13.87,13.95,14.02,14.06,14.1,14.14,14.2,14.25,14.3,14.36,14.39,14.46,14.5,14.58,14.65,14.71,14.78,14.85,14.93,15,15.05,15.1,15.17,15.24,15.3,15.37,15.46,15.5,15.57,15.65,15.69,15.73,15.78,15.84,15.86,15.87,15.92,15.96,15.97,16.02,16.06,16.07,16.07,16.04,16.05,16.06,16.06,16.05,16.02,15.98,15.95,15.92,15.85,15.83,15.79,15.77,15.77,15.76,15.7,15.65,15.56,15.52,15.46,15.42,15.35,15.35,15.34,15.32,15.28,15.25,15.22,15.19,15.14,15.09,15.06,15.04,15.04,15.02,15.04,14.99,14.95,14.93,14.89,14.82,14.8,14.76,14.72,14.67,14.65,14.62,14.59,14.52,14.46,14.4,14.37,14.28,14.23,14.18,14.15,14.13,14.1,14.01,13.94,13.85,13.79,13.78,13.72,13.63,13.58,13.5,13.39,13.3,13.2,13.14,13,12.89,12.8,12.69,12.55,12.4,12.22,12.02,11.78,11.59,11.27,10.89,10.54,10.12,9.67,9.12,8.67,8.19,7.88
MD04-2845,45.35,-5.22,Foram,N_ATL,18.17,18.38,18.56,18.69,18.84,18.94,19.04,19.1,19.19,19.27,19.36,19.42,19.49,19.48,19.52,19.54,19.56,19.6,19.62,19.63,19.65,19.68,19.7,19.73,19.77,19.8,19.82,19.84,19.84,19.85,19.86,19.88,19.89,19.91,19.91,19.95,19.96,19.99,20,20.03,20.06,20.08,20.14,20.17,20.2,20.21,20.27,20.3,20.29,20.29,20.29,20.27,20.26,20.28,20.31,20.26,20.24,20.21,20.21,20.15,20.15,20.08,20.05,20.01,19.98,19.89,19.82,19.8,19.75,19.71,19.65,19.6,19.57,19.52,19.48,19.43,19.41,19.39,19.37,19.34,19.32,19.32,19.36,19.36,19.35,19.34,19.34,19.27,19.22,19.26,19.22,19.18,19.16,19.1,19.11,19.09,19.06,19.04,19,18.95,18.87,18.83,18.83,18.8,18.73,18.7,18.61,18.54,18.51,18.46,18.44,18.42,18.34,18.31,18.23,18.17,18.07,18.04,17.97,17.91,17.81,17.75,17.67,17.63,17.55,17.44,17.32,17.22,16.99,16.72,16.3,15.62,14.99,14.27,13.66,13.1,12.67,12.09,11.65,11.6,11.23,11.11,10.86,10.51,10.37,10.34,10.35,10.28,10.36,10.61,10.68
V29-179,44,-23.51,Foram,N_ATL,15.08,15.17,15.25,15.33,15.43,15.49,15.58,15.64,15.74,15.81,15.85,15.9,15.95,16,16.04,16.09,16.11,16.16,16.21,16.27,16.3,16.34,16.39,16.43,16.48,16.52,16.54,16.58,16.61,16.66,16.73,16.76,16.78,16.83,16.82,16.86,16.89,16.91,16.91,16.95,17,17.02,17.07,17.08,17.13,17.15,17.17,17.2,17.23,17.25,17.29,17.33,17.34,17.34,17.37,17.37,17.38,17.43,17.46,17.49,17.51,17.54,17.55,17.56,17.59,17.63,17.66,17.68,17.7,17.71,17.71,17.73,17.74,17.76,17.76,17.79,17.82,17.81,17.84,17.83,17.83,17.84,17.86,17.84,17.85,17.85,17.84,17.82,17.82,17.79,17.78,17.76,17.74,17.73,17.7,17.71,17.67,17.64,17.62,17.58,17.56,17.51,17.48,17.45,17.39,17.35,17.31,17.26,17.21,17.13,17.07,16.99,16.92,16.84,16.75,16.67,16.56,16.49,16.4,16.31,16.23,16.11,16.02,15.87,15.74,15.58,15.42,15.23,14.99,14.74,14.52,14.33,14.08,13.83,13.57,13.33,13.07,12.85,12.63,12.44,12.2,12,11.81,11.66,11.54,11.44,11.34,11.24,11.17,11.11,11.04
SU92-03,43.2,-10.11,Foram,N_ATL,16.51,16.53,16.54,16.54,16.56,16.56,16.56,16.59,16.59,16.6,16.61,16.62,16.63,16.65,16.65,16.65,16.65,16.67,16.68,16.7,16.73,16.75,16.77,16.78,16.8,16.82,16.83,16.86,16.88,16.9,16.93,16.94,16.95,16.97,16.97,17,17.01,17.03,17.05,17.07,17.08,17.1,17.11,17.12,17.12,17.13,17.14,17.14,17.14,17.15,17.16,17.15,17.16,17.18,17.16,17.17,17.17,17.18,17.19,17.19,17.19,17.2,17.2,17.2,17.2,17.2,17.21,17.21,17.22,17.25,17.25,17.26,17.28,17.31,17.32,17.33,17.34,17.35,17.37,17.38,17.39,17.4,17.41,17.41,17.42,17.42,17.45,17.45,17.46,17.47,17.47,17.5,17.51,17.51,17.52,17.52,17.52,17.53,17.54,17.53,17.53,17.52,17.5,17.49,17.49,17.48,17.48,17.48,17.48,17.47,17.46,17.45,17.42,17.41,17.39,17.37,17.37,17.33,17.3,17.28,17.23,17.19,17.16,17.09,17.05,16.98,16.87,16.77,16.64,16.52,16.29,15.99,15.58,15.23,14.74,14.35,13.86,13.41,12.94,12.51,12.07,11.55,11.11,10.61,10.24,9.86,9.51,9.25,9.09,8.95,8.83
D117,42.1,-52.75,Foram,N_ATL,13.85,13.88,13.92,13.96,14.01,14.06,14.11,14.16,14.2,14.25,14.3,14.35,14.39,14.43,14.47,14.5,14.56,14.58,14.6,14.63,14.66,14.7,14.73,14.77,14.79,14.81,14.84,14.85,14.88,14.92,14.95,14.97,15,15.05,15.07,15.1,15.12,15.14,15.16,15.19,15.22,15.26,15.28,15.31,15.34,15.35,15.37,15.4,15.43,15.46,15.49,15.51,15.54,15.56,15.6,15.62,15.64,15.67,15.71,15.74,15.76,15.78,15.81,15.84,15.86,15.89,15.92,15.95,15.98,16.01,16.04,16.06,16.08,16.11,16.12,16.14,16.17,16.2,16.23,16.26,16.29,16.32,16.34,16.37,16.4,16.43,16.46,16.49,16.52,16.55,16.57,16.61,16.63,16.64,16.67,16.71,16.75,16.78,16.79,16.82,16.85,16.88,16.9,16.91,16.93,16.96,17,17.04,17.06,17.08,17.11,17.12,17.13,17.14,17.15,17.15,17.15,17.17,17.16,17.17,17.16,17.14,17.12,17.09,17.06,17.03,16.99,16.96,16.92,16.88,16.83,16.79,16.73,16.69,16.64,16.58,16.51,16.43,16.37,16.28,16.21,16.14,16.07,15.99,15.91,15.82,15.73,15.64,15.55,15.47,15.39
CH69-K09,41.76,-47.35,Foram,N_ATL,19.34,19.35,19.38,19.34,19.34,19.32,19.3,19.3,19.29,19.34,19.33,19.35,19.37,19.37,19.35,19.37,19.35,19.35,19.35,19.34,19.36,19.4,19.36,19.4,19.44,19.44,19.44,19.46,19.49,19.53,19.53,19.53,19.56,19.55,19.6,19.56,19.56,19.59,19.55,19.57,19.56,19.54,19.56,19.54,19.58,19.58,19.57,19.59,19.59,19.58,19.54,19.56,19.57,19.6,19.59,19.57,19.58,19.59,19.59,19.58,19.56,19.52,19.52,19.48,19.48,19.41,19.37,19.3,19.18,19.16,19.15,19.04,19.03,19,18.98,18.96,18.93,18.85,18.75,18.7,18.62,18.63,18.54,18.53,18.45,18.32,18.31,18.25,18.11,17.97,17.99,17.91,17.98,17.89,17.87,17.8,17.7,17.65,17.58,17.51,17.5,17.56,17.47,17.33,17.25,17.18,17.17,17.08,17.06,17.05,17.13,16.97,16.87,16.76,16.76,16.66,16.6,16.52,16.41,16.33,16.27,16.09,15.97,15.85,15.73,15.67,15.59,15.5,15.46,15.32,15.26,15.14,15.06,14.96,14.87,14.73,14.57,14.48,14.38,14.27,14.18,14.12,14.01,13.95,13.89,13.86,13.78,13.7,13.66,13.6,13.55
V30-97,41,-32.93,Foram,N_ATL,15.85,15.88,15.9,15.93,15.93,15.95,15.94,15.97,15.95,15.98,16.01,16.01,16.04,16.08,16.06,16.08,16.12,16.12,16.14,16.16,16.19,16.22,16.25,16.29,16.33,16.35,16.38,16.44,16.47,16.5,16.52,16.54,16.56,16.57,16.61,16.63,16.68,16.69,16.71,16.73,16.71,16.72,16.73,16.74,16.75,16.77,16.81,16.82,16.86,16.87,16.86,16.91,16.93,16.97,17.02,17.05,17.07,17.13,17.16,17.18,17.19,17.23,17.26,17.29,17.31,17.27,17.31,17.31,17.3,17.34,17.35,17.36,17.36,17.36,17.37,17.39,17.37,17.38,17.39,17.42,17.43,17.44,17.43,17.45,17.44,17.42,17.44,17.45,17.45,17.45,17.48,17.47,17.48,17.5,17.5,17.51,17.51,17.54,17.55,17.57,17.57,17.55,17.56,17.58,17.57,17.6,17.6,17.61,17.62,17.62,17.59,17.61,17.62,17.6,17.57,17.53,17.53,17.51,17.49,17.45,17.45,17.4,17.34,17.3,17.25,17.2,17.16,17.09,17.01,16.96,16.9,16.83,16.74,16.63,16.5,16.4,16.27,16.15,16.02,15.87,15.72,15.58,15.42,15.26,15.14,14.97,14.81,14.68,14.51,14.4,14.25
MD95-2040,40.58,-9.86,UK37,N_ATL,17.19,17.19,17.2,17.21,17.22,17.24,17.25,17.27,17.28,17.29,17.29,17.31,17.32,17.33,17.34,17.35,17.36,17.36,17.37,17.39,17.41,17.43,17.45,17.48,17.5,17.52,17.55,17.57,17.6,17.63,17.65,17.67,17.71,17.73,17.75,17.78,17.81,17.84,17.87,17.9,17.95,17.99,18.03,18.07,18.1,18.13,18.16,18.21,18.26,18.31,18.38,18.46,18.53,18.59,18.64,18.71,18.77,18.86,18.93,19.02,19.09,19.16,19.25,19.34,19.42,19.49,19.55,19.58,19.65,19.71,19.73,19.76,19.81,19.86,19.88,19.92,19.94,19.95,19.97,19.99,20,20.03,20.04,20.06,20.05,20.06,20.08,20.07,20.08,20.07,20.05,20.03,20,19.98,19.95,19.92,19.91,19.88,19.86,19.78,19.77,19.72,19.65,19.54,19.45,19.34,19.25,19.08,18.88,18.68,18.45,18.29,18.08,17.85,17.67,17.43,17.24,16.98,16.76,16.51,16.29,16.07,15.84,15.67,15.49,15.31,15.14,14.97,14.79,14.61,14.45,14.3,14.14,13.97,13.82,13.65,13.48,13.33,13.14,12.97,12.83,12.65,12.5,12.35,12.2,12.07,11.96,11.89,11.8,11.71,11.66
MD95-2040,40.58,-9.86,Foram,N_ATL,16.33,16.42,16.49,16.57,16.62,16.67,16.77,16.82,16.86,16.9,16.95,16.97,17.05,17.09,17.15,17.15,17.14,17.14,17.24,17.28,17.36,17.45,17.46,17.46,17.53,17.58,17.56,17.54,17.56,17.64,17.67,17.69,17.73,17.74,17.74,17.78,17.79,17.8,17.83,17.84,17.85,17.91,17.92,17.94,17.92,17.95,17.96,17.95,17.97,17.99,17.98,18.03,18.02,18.02,18,18.03,18.05,18.09,18.12,18.1,18.14,18.19,18.22,18.24,18.25,18.21,18.25,18.24,18.25,18.27,18.26,18.23,18.23,18.24,18.25,18.29,18.31,18.26,18.28,18.32,18.32,18.31,18.31,18.32,18.28,18.27,18.27,18.24,18.21,18.21,18.18,18.19,18.16,18.12,18.08,18.07,18.04,18.03,17.97,17.94,17.9,17.85,17.79,17.75,17.7,17.65,17.63,17.51,17.41,17.31,17.19,17.04,16.89,16.69,16.52,16.27,15.85,15.54,14.98,14.45,14.06,13.68,13.26,12.73,12.43,12.21,11.91,11.55,11.38,11.06,10.91,10.8,10.62,10.53,10.42,10.33,10.21,10.22,10.2,10.17,10.13,10.14,10.11,10.11,10.17,10.2,10.29,10.36,10.44,10.52,10.61
SU90-03,40.5,-32.05,Foram,N_ATL,21.12,21.17,21.18,21.23,21.25,21.24,21.3,21.31,21.33,21.35,21.38,21.42,21.44,21.47,21.5,21.49,21.52,21.53,21.54,21.54,21.54,21.5,21.52,21.46,21.47,21.52,21.55,21.53,21.58,21.55,21.54,21.61,21.62,21.66,21.67,21.63,21.63,21.66,21.65,21.68,21.71,21.75,21.75,21.78,21.78,21.81,21.8,21.87,21.84,21.86,21.85,21.88,21.89,21.89,21.9,21.93,21.99,22.04,22.06,22.09,22.11,22.11,22.15,22.24,22.27,22.25,22.27,22.25,22.33,22.35,22.37,22.4,22.42,22.46,22.47,22.45,22.42,22.47,22.44,22.49,22.56,22.6,22.63,22.62,22.63,22.62,22.64,22.61,22.57,22.52,22.51,22.48,22.44,22.46,22.45,22.4,22.36,22.38,22.3,22.26,22.22,22.14,22.11,22.04,22,22.02,21.93,21.91,21.81,21.74,21.66,21.57,21.51,21.47,21.4,21.33,21.26,21.15,21.12,21.05,20.95,20.86,20.82,20.8,20.66,20.55,20.44,20.36,20.26,20.18,20.07,19.98,19.82,19.69,19.59,19.52,19.36,19.29,19.04,19,18.87,18.8,18.72,18.62,18.53,18.42,18.28,18.17,18.05,17.97,17.97
MD01-2444,37.57,-10.13,UK37,N_ATL,17.64,17.66,17.7,17.75,17.78,17.8,17.86,17.87,17.87,17.9,17.89,17.9,17.95,18,18.05,18.07,18.07,18.1,18.12,18.13,18.17,18.18,18.22,18.21,18.26,18.28,18.32,18.35,18.37,18.39,18.43,18.46,18.49,18.49,18.55,18.59,18.64,18.66,18.65,18.68,18.73,18.72,18.74,18.79,18.81,18.87,18.91,18.99,18.98,19.01,19.04,19.09,19.14,19.15,19.16,19.21,19.22,19.26,19.32,19.35,19.38,19.42,19.45,19.47,19.52,19.53,19.56,19.56,19.56,19.56,19.63,19.66,19.67,19.73,19.73,19.75,19.79,19.8,19.83,19.86,19.89,19.94,19.93,19.94,20.01,20.05,20.06,20.08,20.1,20.12,20.16,20.17,20.18,20.2,20.19,20.22,20.21,20.22,20.2,20.22,20.26,20.29,20.29,20.26,20.27,20.26,20.27,20.25,20.22,20.22,20.26,20.23,20.22,20.22,20.19,20.18,20.18,20.18,20.15,20.11,20.09,20.09,20.1,20.06,20,20,19.97,19.96,19.93,19.88,19.84,19.79,19.69,19.64,19.57,19.53,19.45,19.34,19.21,19.05,18.97,18.84,18.57,18.37,18.05,17.43,16.57,15.86,15.26,14.94,14.74
MD01-2444,37.57,-10.13,MgCa,N_ATL,21,21.15,21.2,21.18,21.16,21.19,21.26,21.3,21.19,21.28,21.17,21.29,21.38,21.36,21.39,21.37,21.35,21.3,21.34,21.31,21.35,21.3,21.34,21.29,21.28,21.34,21.28,21.24,21.24,21.22,21.19,21.22,21.21,21.3,21.26,21.24,21.26,21.18,21.15,21.16,21.22,21.23,21.24,21.17,21.11,21.13,21.16,21.19,21.19,21.17,21.19,21.22,21.23,21.22,21.22,21.23,21.23,21.24,21.27,21.31,21.33,21.36,21.4,21.45,21.44,21.47,21.44,21.47,21.49,21.53,21.61,21.61,21.59,21.61,21.59,21.59,21.6,21.63,21.59,21.63,21.62,21.61,21.6,21.57,21.58,21.63,21.66,21.67,21.67,21.68,21.68,21.66,21.66,21.66,21.64,21.59,21.59,21.58,21.59,21.57,21.54,21.53,21.54,21.52,21.49,21.51,21.5,21.48,21.53,21.48,21.45,21.49,21.48,21.5,21.48,21.49,21.51,21.52,21.54,21.54,21.54,21.53,21.52,21.53,21.54,21.51,21.5,21.51,21.52,21.5,21.48,21.44,21.38,21.36,21.31,21.29,21.23,21.2,21.17,21.12,21.04,20.96,20.95,20.92,20.81,20.78,20.69,20.59,20.49,20.42,20.35
MD95-2036,33.68,-57.57,Foram,N_ATL,24.41,24.31,24.26,24.25,24.24,24.32,24.27,24.28,24.28,24.24,24.39,24.51,24.51,24.53,24.52,24.56,24.56,24.63,24.77,24.75,24.74,24.74,24.77,24.76,24.77,24.86,24.91,24.97,24.94,24.97,24.93,24.88,24.93,24.92,24.97,24.96,24.9,24.89,24.97,24.95,24.94,25,25.04,25.12,25.1,25.13,25.14,25.13,25.12,25.1,25.11,25.12,25.1,25.11,25.11,25.17,25.19,25.21,25.2,25.18,25.19,25.21,25.19,25.11,25.08,25.03,25.02,25,25.03,24.99,24.97,25,24.99,24.9,24.99,24.92,24.93,24.98,24.92,24.92,24.84,24.76,24.78,24.65,24.72,24.7,24.74,24.66,24.61,24.6,24.57,24.6,24.55,24.52,24.48,24.39,24.37,24.41,24.38,24.39,24.32,24.34,24.31,24.25,24.22,24.18,24.25,24.28,24.29,24.3,24.26,24.26,24.33,24.29,24.3,24.25,24.26,24.23,24.22,24.12,24.12,24.17,24.14,24.12,24.09,24.1,24.08,24.04,23.96,23.94,23.97,23.93,23.93,23.89,23.86,23.87,23.84,23.85,23.81,23.74,23.69,23.71,23.6,23.54,23.54,23.52,23.46,23.49,23.44,23.35,23.29
KNR140-37JPC,31.68,-75.42,Foram,N_ATL,27.55,27.58,27.55,27.57,27.53,27.52,27.51,27.5,27.48,27.49,27.51,27.55,27.51,27.5,27.51,27.5,27.46,27.47,27.51,27.52,27.47,27.43,27.44,27.42,27.41,27.41,27.41,27.42,27.46,27.45,27.45,27.45,27.42,27.42,27.38,27.37,27.36,27.39,27.35,27.39,27.41,27.4,27.35,27.37,27.41,27.38,27.37,27.37,27.44,27.42,27.38,27.36,27.38,27.38,27.34,27.36,27.32,27.3,27.31,27.32,27.33,27.35,27.3,27.3,27.23,27.25,27.25,27.26,27.25,27.29,27.32,27.32,27.29,27.26,27.24,27.26,27.24,27.27,27.23,27.22,27.2,27.17,27.19,27.15,27.12,27.11,27.09,27.04,27.03,27.05,27.03,27,27,27,27.01,27.03,27.01,26.97,26.96,26.94,26.95,26.94,26.88,26.88,26.82,26.79,26.77,26.78,26.76,26.75,26.69,26.61,26.58,26.46,26.4,26.33,26.29,26.21,26.13,26.05,26.06,25.91,25.87,25.85,25.76,25.66,25.6,25.53,25.47,25.4,25.25,25.17,25.08,24.98,24.84,24.73,24.64,24.54,24.46,24.39,24.27,24.19,24.11,24,23.92,23.84,23.79,23.75,23.72,23.67,23.61
MD02-2575,29,-87.11,MgCa,N_ATL,25.89,25.9,25.91,25.93,25.96,25.96,26,26.02,26.06,26.09,26.13,26.16,26.19,26.23,26.27,26.27,26.31,26.37,26.4,26.43,26.46,26.49,26.49,26.52,26.57,26.6,26.63,26.63,26.68,26.69,26.71,26.72,26.73,26.76,26.78,26.81,26.83,26.86,26.89,26.9,26.94,26.95,26.98,27.01,27.04,27.08,27.11,27.15,27.19,27.25,27.29,27.35,27.39,27.46,27.53,27.6,27.68,27.76,27.85,27.94,28.03,28.1,28.18,28.24,28.3,28.36,28.4,28.49,28.53,28.56,28.62,28.66,28.72,28.74,28.77,28.78,28.83,28.85,28.88,28.89,28.91,28.92,28.92,28.93,28.92,28.93,28.91,28.91,28.94,28.93,28.91,28.88,28.88,28.86,28.83,28.8,28.78,28.78,28.75,28.75,28.73,28.71,28.7,28.67,28.65,28.65,28.65,28.63,28.62,28.59,28.57,28.54,28.52,28.5,28.47,28.44,28.4,28.37,28.36,28.32,28.26,28.21,28.15,28.1,28.09,28.08,28.03,27.95,27.89,27.85,27.83,27.78,27.71,27.64,27.56,27.5,27.44,27.38,27.28,27.26,27.17,27.11,27.06,27.01,26.97,26.89,26.85,26.76,26.71,26.68,26.64
GIK15637-1,27,-18.98,Foram,N_ATL,20.83,20.83,20.84,20.83,20.82,20.82,20.83,20.82,20.81,20.82,20.83,20.82,20.82,20.82,20.83,20.84,20.85,20.87,20.88,20.9,20.92,20.94,20.96,20.97,20.98,21.01,21.02,21.02,21.04,21.07,21.08,21.11,21.13,21.15,21.19,21.2,21.22,21.25,21.28,21.29,21.3,21.31,21.34,21.35,21.37,21.38,21.4,21.4,21.42,21.45,21.45,21.44,21.43,21.42,21.43,21.43,21.44,21.45,21.46,21.45,21.47,21.48,21.48,21.48,21.47,21.46,21.46,21.47,21.47,21.5,21.5,21.5,21.49,21.51,21.5,21.49,21.5,21.49,21.48,21.48,21.47,21.47,21.46,21.47,21.47,21.46,21.46,21.45,21.45,21.46,21.47,21.46,21.47,21.47,21.5,21.49,21.5,21.51,21.51,21.52,21.51,21.53,21.53,21.54,21.54,21.53,21.52,21.51,21.52,21.52,21.52,21.5,21.5,21.48,21.48,21.48,21.49,21.46,21.47,21.48,21.45,21.43,21.43,21.42,21.43,21.42,21.41,21.39,21.39,21.37,21.38,21.35,21.33,21.32,21.31,21.28,21.25,21.21,21.2,21.19,21.19,21.2,21.18,21.16,21.16,21.12,21.12,21.1,21.1,21.1,21.1
M12392-1,25.16,-16.85,Foram,N_ATL,16.59,16.67,16.73,16.79,16.88,16.93,17.03,17.08,17.13,17.18,17.26,17.33,17.4,17.43,17.51,17.56,17.63,17.66,17.72,17.77,17.85,17.92,17.96,18.01,18.06,18.1,18.17,18.21,18.25,18.29,18.33,18.35,18.39,18.44,18.49,18.54,18.58,18.63,18.69,18.73,18.76,18.8,18.85,18.86,18.89,18.93,18.97,19,19.01,19.03,19.07,19.11,19.13,19.15,19.16,19.19,19.2,19.22,19.22,19.22,19.22,19.22,19.22,19.21,19.2,19.2,19.19,19.18,19.18,19.17,19.16,19.14,19.13,19.11,19.1,19.07,19.06,19.04,19.02,19,18.99,18.97,18.95,18.93,18.9,18.87,18.84,18.81,18.77,18.75,18.71,18.66,18.61,18.57,18.53,18.48,18.44,18.4,18.35,18.29,18.27,18.22,18.17,18.13,18.08,18.04,17.99,17.95,17.9,17.84,17.79,17.76,17.71,17.68,17.64,17.6,17.55,17.5,17.45,17.39,17.34,17.29,17.24,17.19,17.12,17.05,16.98,16.94,16.88,16.81,16.73,16.67,16.61,16.55,16.49,16.41,16.34,16.25,16.18,16.12,16.06,16,15.94,15.88,15.82,15.75,15.7,15.64,15.58,15.51,15.45
TR126-29,21.33,-93.95,Foram,N_ATL,25.53,25.52,25.51,25.5,25.51,25.5,25.5,25.5,25.49,25.48,25.48,25.48,25.48,25.47,25.46,25.45,25.43,25.43,25.41,25.39,25.37,25.35,25.33,25.33,25.32,25.3,25.29,25.28,25.29,25.28,25.27,25.25,25.24,25.21,25.19,25.19,25.18,25.18,25.17,25.16,25.15,25.14,25.13,25.12,25.12,25.11,25.11,25.11,25.1,25.1,25.1,25.11,25.11,25.11,25.13,25.13,25.13,25.13,25.14,25.15,25.15,25.15,25.16,25.15,25.15,25.14,25.13,25.14,25.14,25.14,25.13,25.14,25.14,25.15,25.14,25.15,25.16,25.15,25.15,25.16,25.16,25.18,25.17,25.18,25.18,25.19,25.21,25.21,25.22,25.24,25.24,25.24,25.25,25.27,25.25,25.26,25.26,25.25,25.25,25.25,25.26,25.28,25.29,25.28,25.28,25.27,25.26,25.26,25.26,25.27,25.25,25.25,25.24,25.24,25.25,25.24,25.22,25.2,25.18,25.14,25.12,25.1,25.08,25.04,25.02,24.98,24.96,24.93,24.89,24.85,24.83,24.78,24.73,24.67,24.62,24.58,24.52,24.45,24.41,24.35,24.3,24.26,24.2,24.15,24.1,24.06,24,23.95,23.91,23.88,23.83
TR126-23,20.48,-95.62,Foram,N_ATL,25.23,25.24,25.23,25.23,25.25,25.26,25.26,25.26,25.27,25.28,25.29,25.29,25.3,25.31,25.31,25.32,25.33,25.34,25.35,25.35,25.35,25.36,25.36,25.35,25.36,25.37,25.38,25.38,25.39,25.39,25.4,25.4,25.42,25.43,25.44,25.45,25.46,25.46,25.45,25.46,25.47,25.48,25.49,25.49,25.5,25.52,25.52,25.52,25.53,25.55,25.56,25.55,25.55,25.56,25.55,25.54,25.54,25.54,25.55,25.56,25.56,25.55,25.55,25.54,25.53,25.53,25.52,25.52,25.51,25.5,25.49,25.49,25.49,25.49,25.49,25.47,25.47,25.46,25.46,25.46,25.46,25.46,25.46,25.44,25.43,25.41,25.4,25.39,25.37,25.36,25.35,25.35,25.35,25.33,25.33,25.33,25.31,25.3,25.3,25.31,25.3,25.29,25.28,25.27,25.27,25.25,25.23,25.22,25.21,25.19,25.19,25.18,25.17,25.15,25.13,25.12,25.1,25.07,25.03,25.02,25.01,24.99,24.96,24.95,24.93,24.9,24.88,24.86,24.83,24.81,24.78,24.75,24.71,24.68,24.66,24.64,24.62,24.59,24.57,24.56,24.54,24.53,24.51,24.47,24.43,24.4,24.38,24.34,24.31,24.27,24.24
M35027-1,17.64,-67.17,Foram,N_ATL,25.66,25.67,25.68,25.7,25.72,25.72,25.71,25.72,25.72,25.74,25.75,25.79,25.82,25.83,25.86,25.89,25.9,25.9,25.92,25.93,25.95,25.94,25.97,26,25.98,26,26.03,26.02,26.03,26.05,26.06,26.06,26.07,26.09,26.1,26.13,26.14,26.14,26.18,26.22,26.21,26.22,26.22,26.19,26.19,26.18,26.19,26.2,26.24,26.22,26.23,26.2,26.2,26.23,26.21,26.21,26.2,26.23,26.21,26.23,26.22,26.22,26.21,26.25,26.24,26.24,26.23,26.22,26.21,26.21,26.21,26.2,26.18,26.16,26.13,26.12,26.1,26.11,26.11,26.11,26.1,26.11,26.09,26.09,26.09,26.09,26.08,26.09,26.07,26.05,26.06,26.06,26.08,26.07,26.03,25.99,25.92,25.94,25.91,25.93,25.94,25.96,25.94,25.94,25.92,25.9,25.87,25.87,25.87,25.86,25.86,25.85,25.82,25.8,25.79,25.77,25.77,25.77,25.78,25.79,25.81,25.8,25.81,25.81,25.82,25.8,25.79,25.8,25.79,25.76,25.73,25.73,25.72,25.71,25.7,25.68,25.65,25.63,25.64,25.62,25.59,25.6,25.61,25.6,25.61,25.62,25.63,25.6,25.61,25.59,25.58
V22-196,13.83,-18.97,Foram,N_ATL,21.04,21.06,21.07,21.05,21.06,21.06,21.06,21.09,21.09,21.07,21.07,21.08,21.11,21.1,21.07,21.09,21.09,21.14,21.13,21.14,21.18,21.19,21.17,21.18,21.18,21.22,21.2,21.23,21.28,21.32,21.37,21.38,21.39,21.46,21.48,21.5,21.55,21.61,21.69,21.78,21.84,21.93,22.03,22.13,22.24,22.34,22.4,22.45,22.5,22.6,22.7,22.78,22.85,22.94,23.02,23.11,23.22,23.29,23.36,23.4,23.53,23.59,23.65,23.73,23.79,23.86,23.95,24.01,24.07,24.14,24.19,24.26,24.31,24.37,24.4,24.43,24.47,24.52,24.58,24.62,24.64,24.69,24.73,24.79,24.83,24.86,24.9,24.91,24.95,24.98,25.03,25.04,25.04,25.06,25.08,25.09,25.08,25.08,25.11,25.1,25.11,25.11,25.11,25.09,25.09,25.09,25.06,25.05,25.05,25.06,25.08,25.06,25.04,25.02,25.01,25.03,25.02,24.98,24.96,24.92,24.85,24.83,24.81,24.79,24.77,24.74,24.69,24.63,24.58,24.5,24.46,24.43,24.33,24.28,24.21,24.13,24.08,23.99,23.88,23.79,23.67,23.56,23.45,23.42,23.38,23.23,22.99,22.91,22.81,22.57,22.36
V28-127,11.65,-80.13,Foram,N_ATL,25.88,25.91,25.93,25.97,25.99,26.02,26.04,26.1,26.15,26.19,26.2,26.26,26.29,26.31,26.35,26.37,26.4,26.41,26.43,26.44,26.45,26.49,26.52,26.54,26.55,26.55,26.55,26.55,26.56,26.55,26.55,26.53,26.53,26.51,26.5,26.5,26.49,26.46,26.43,26.4,26.39,26.38,26.38,26.33,26.31,26.32,26.31,26.32,26.29,26.27,26.26,26.25,26.25,26.26,26.28,26.28,26.29,26.28,26.3,26.35,26.35,26.34,26.36,26.36,26.37,26.38,26.38,26.37,26.37,26.4,26.38,26.39,26.42,26.43,26.46,26.47,26.47,26.48,26.5,26.52,26.54,26.55,26.56,26.56,26.58,26.57,26.62,26.63,26.66,26.69,26.73,26.77,26.81,26.84,26.86,26.89,26.89,26.93,26.97,27.02,27.05,27.09,27.14,27.17,27.21,27.24,27.27,27.3,27.33,27.34,27.38,27.41,27.42,27.45,27.45,27.46,27.46,27.46,27.46,27.45,27.45,27.42,27.39,27.39,27.38,27.35,27.35,27.32,27.31,27.26,27.24,27.21,27.16,27.12,27.1,27.07,27.03,27.01,26.98,26.95,26.91,26.88,26.82,26.81,26.78,26.72,26.7,26.65,26.6,26.53,26.47
MD03-2707,2.5,9.39,MgCa,N_ATL,26.35,26.33,26.35,26.27,26.32,26.28,26.13,26.2,26.18,26.18,26.16,26.12,26.1,26.13,26.15,26.11,26.11,26.06,26.04,26.06,26.01,26.02,26.02,25.99,26.01,26.06,26.02,26.04,26,25.95,25.95,25.87,25.87,25.88,25.86,25.89,25.89,25.89,25.9,25.92,25.88,25.87,25.89,25.85,25.83,25.85,25.88,25.87,25.83,25.82,25.85,25.81,25.83,25.8,25.85,25.86,25.86,25.84,25.84,25.82,25.83,25.87,25.87,25.88,25.91,25.93,25.89,25.9,25.9,25.93,25.99,26.02,26.04,26.03,26.03,26.06,26.04,26.08,26.1,26.15,26.17,26.2,26.23,26.25,26.32,26.32,26.29,26.33,26.34,26.34,26.42,26.44,26.47,26.5,26.51,26.56,26.57,26.53,26.53,26.56,26.58,26.55,26.53,26.56,26.59,26.6,26.6,26.59,26.62,26.59,26.62,26.65,26.64,26.58,26.61,26.59,26.57,26.57,26.56,26.57,26.58,26.55,26.54,26.59,26.56,26.54,26.54,26.54,26.55,26.54,26.51,26.5,26.49,26.48,26.47,26.46,26.43,26.43,26.44,26.44,26.43,26.36,26.29,26.27,26.28,26.26,26.19,26.17,26.12,26.12,26.08
V25-59,1.37,-33.48,Foram,N_ATL,25.38,25.38,25.37,25.39,25.38,25.39,25.39,25.41,25.41,25.43,25.4,25.42,25.43,25.42,25.44,25.45,25.47,25.47,25.49,25.5,25.52,25.52,25.53,25.53,25.55,25.55,25.55,25.54,25.56,25.58,25.58,25.57,25.57,25.58,25.58,25.59,25.59,25.59,25.58,25.57,25.56,25.56,25.55,25.56,25.57,25.57,25.58,25.56,25.55,25.56,25.56,25.56,25.55,25.55,25.53,25.54,25.55,25.55,25.55,25.56,25.58,25.6,25.62,25.62,25.63,25.65,25.65,25.65,25.65,25.65,25.67,25.64,25.65,25.66,25.67,25.69,25.7,25.7,25.71,25.73,25.74,25.76,25.77,25.77,25.79,25.79,25.79,25.79,25.8,25.82,25.82,25.82,25.84,25.85,25.87,25.89,25.88,25.9,25.91,25.92,25.92,25.94,25.96,25.94,25.95,25.95,25.98,25.98,25.98,25.99,25.96,25.98,25.97,25.98,25.98,25.99,25.97,25.95,25.94,25.93,25.89,25.87,25.87,25.86,25.82,25.8,25.75,25.73,25.68,25.63,25.64,25.61,25.58,25.56,25.54,25.54,25.54,25.53,25.51,25.51,25.48,25.47,25.44,25.44,25.41,25.39,25.36,25.34,25.35,25.35,25.32
Y7211-1,43.25,-126.38,Radiolaria,PAC,11.06,11.11,11.1,11.13,11.12,11.12,11.1,11.09,11.14,11.15,11.19,11.17,11.18,11.17,11.16,11.17,11.17,11.18,11.21,11.23,11.23,11.26,11.29,11.26,11.27,11.28,11.29,11.3,11.29,11.28,11.31,11.33,11.35,11.36,11.39,11.4,11.42,11.47,11.48,11.52,11.55,11.59,11.65,11.71,11.74,11.79,11.85,11.92,11.97,12,12.04,12.08,12.12,12.17,12.23,12.29,12.33,12.39,12.45,12.5,12.58,12.61,12.69,12.76,12.82,12.9,12.97,13.01,13.09,13.16,13.22,13.27,13.31,13.35,13.43,13.46,13.5,13.55,13.59,13.62,13.66,13.71,13.76,13.8,13.85,13.87,13.89,13.95,14.03,14.12,14.2,14.25,14.32,14.39,14.44,14.48,14.56,14.66,14.71,14.83,14.89,14.94,15.02,15.09,15.16,15.21,15.32,15.42,15.48,15.58,15.66,15.75,15.88,15.98,16.12,16.21,16.32,16.41,16.49,16.57,16.64,16.7,16.8,16.89,16.98,17.06,17.13,17.21,17.24,17.25,17.25,17.29,17.31,17.33,17.35,17.3,17.29,17.24,17.16,17.15,17.06,17.02,16.97,16.86,16.75,16.66,16.55,16.41,16.3,16.14,15.97
ODP 1020,41,-126.43,UK37,PAC,9.58,9.59,9.61,9.63,9.65,9.67,9.68,9.7,9.73,9.75,9.76,9.78,9.81,9.84,9.87,9.89,9.92,9.95,9.98,10.01,10.03,10.07,10.11,10.15,10.19,10.22,10.24,10.3,10.33,10.39,10.43,10.46,10.51,10.56,10.59,10.64,10.68,10.72,10.77,10.81,10.86,10.91,10.96,11.01,11.07,11.12,11.19,11.25,11.31,11.35,11.43,11.49,11.57,11.63,11.73,11.84,11.88,11.95,12.04,12.14,12.23,12.28,12.36,12.42,12.51,12.57,12.66,12.73,12.81,12.89,12.94,13.03,13.09,13.16,13.22,13.28,13.34,13.38,13.44,13.48,13.51,13.55,13.58,13.61,13.65,13.68,13.72,13.74,13.77,13.8,13.83,13.84,13.87,13.9,13.92,13.93,13.95,13.97,13.98,14,14.02,14.04,14.04,14.05,14.06,14.07,14.08,14.09,14.1,14.1,14.11,14.12,14.12,14.13,14.13,14.14,14.15,14.16,14.17,14.17,14.18,14.18,14.18,14.18,14.18,14.18,14.18,14.17,14.17,14.16,14.15,14.15,14.13,14.11,14.09,14.08,14.07,14.05,14.03,13.99,13.96,13.92,13.87,13.85,13.8,13.75,13.68,13.63,13.56,13.47,13.36
ODP 1018,36.99,-123.27,UK37,PAC,12.58,12.57,12.57,12.57,12.53,12.42,12.39,12.38,12.34,12.27,12.29,12.31,12.31,12.3,12.31,12.38,12.44,12.48,12.52,12.58,12.75,12.89,12.97,13.1,13.21,13.35,13.56,13.68,13.81,14.07,14.2,14.29,14.51,14.67,14.82,14.95,15.02,15.07,15.18,15.2,15.27,15.34,15.46,15.54,15.59,15.63,15.69,15.75,15.82,15.87,15.95,16.01,16.07,16.11,16.12,16.16,16.19,16.2,16.24,16.3,16.34,16.35,16.37,16.4,16.41,16.38,16.39,16.42,16.43,16.46,16.41,16.43,16.41,16.42,16.41,16.41,16.39,16.36,16.37,16.37,16.36,16.38,16.39,16.37,16.36,16.41,16.43,16.41,16.45,16.47,16.52,16.5,16.49,16.54,16.58,16.57,16.58,16.55,16.58,16.62,16.68,16.65,16.7,16.74,16.74,16.75,16.73,16.79,16.8,16.76,16.75,16.77,16.7,16.67,16.57,16.46,16.36,16.26,16.16,15.89,15.66,15.37,15.06,14.71,14.31,14.05,13.77,13.61,13.44,13.26,13.09,12.98,12.86,12.72,12.59,12.48,12.42,12.36,12.3,12.26,12.23,12.18,12.14,12.12,12.05,12.01,12,11.98,11.93,11.9,11.89
MD01-2421,36.02,141.78,UK37,PAC,20.35,20.37,20.39,20.39,20.37,20.36,20.38,20.39,20.41,20.41,20.43,20.46,20.48,20.51,20.53,20.53,20.55,20.59,20.61,20.65,20.71,20.73,20.77,20.8,20.87,20.91,20.96,21.01,21.08,21.12,21.18,21.24,21.31,21.37,21.43,21.54,21.61,21.68,21.72,21.78,21.83,21.89,21.93,22,22.07,22.13,22.19,22.25,22.31,22.35,22.41,22.45,22.48,22.5,22.54,22.56,22.58,22.61,22.64,22.66,22.69,22.69,22.7,22.71,22.73,22.75,22.76,22.77,22.79,22.8,22.8,22.81,22.82,22.83,22.84,22.86,22.86,22.86,22.86,22.86,22.86,22.87,22.87,22.87,22.88,22.87,22.87,22.88,22.89,22.89,22.9,22.89,22.9,22.9,22.91,22.91,22.91,22.91,22.91,22.91,22.91,22.92,22.91,22.9,22.9,22.89,22.89,22.88,22.88,22.87,22.87,22.86,22.85,22.84,22.83,22.82,22.81,22.81,22.79,22.79,22.78,22.78,22.77,22.74,22.74,22.74,22.73,22.72,22.7,22.7,22.68,22.66,22.65,22.63,22.61,22.6,22.59,22.58,22.56,22.53,22.51,22.48,22.45,22.44,22.4,22.36,22.34,22.3,22.26,22.23,22.19
ODP 893,34.28,-120.03,UK37,PAC,15.08,15.21,15.34,15.45,15.58,15.69,15.8,15.91,16.03,16.13,16.23,16.32,16.4,16.49,16.56,16.63,16.71,16.79,16.86,16.92,16.99,17.04,17.09,17.13,17.17,17.21,17.26,17.3,17.33,17.38,17.43,17.47,17.52,17.56,17.6,17.64,17.67,17.72,17.76,17.81,17.85,17.9,17.94,17.98,18.02,18.06,18.11,18.15,18.19,18.22,18.27,18.31,18.34,18.38,18.42,18.46,18.49,18.53,18.56,18.58,18.61,18.63,18.65,18.68,18.7,18.72,18.74,18.75,18.78,18.8,18.82,18.84,18.86,18.87,18.89,18.9,18.92,18.94,18.96,18.97,18.98,18.99,19.01,19.02,19.02,19.03,19.04,19.05,19.06,19.05,19.06,19.07,19.08,19.09,19.09,19.09,19.09,19.09,19.09,19.08,19.08,19.08,19.08,19.07,19.06,19.05,19.03,19.03,19.02,19,18.99,18.97,18.95,18.93,18.92,18.9,18.87,18.85,18.82,18.8,18.77,18.73,18.7,18.68,18.66,18.63,18.6,18.56,18.52,18.49,18.46,18.43,18.39,18.36,18.33,18.29,18.26,18.22,18.17,18.13,18.09,18.05,18.02,17.99,17.95,17.92,17.88,17.84,17.81,17.77,17.74
ODP 1014A,32.8,-118.9,UK37,PAC,16.04,16.04,16.05,16.05,16.05,16.05,16.05,16.06,16.07,16.09,16.09,16.11,16.12,16.14,16.15,16.15,16.16,16.17,16.18,16.18,16.21,16.22,16.24,16.25,16.27,16.3,16.32,16.34,16.36,16.39,16.42,16.44,16.45,16.47,16.5,16.54,16.57,16.61,16.65,16.69,16.73,16.76,16.81,16.87,16.92,16.96,17.02,17.08,17.12,17.17,17.22,17.27,17.34,17.39,17.45,17.49,17.54,17.61,17.67,17.73,17.77,17.83,17.89,17.96,18.01,18.07,18.12,18.17,18.23,18.27,18.31,18.35,18.39,18.43,18.47,18.5,18.52,18.56,18.59,18.63,18.65,18.68,18.71,18.73,18.75,18.78,18.79,18.82,18.84,18.86,18.87,18.88,18.89,18.91,18.92,18.93,18.95,18.97,18.98,18.99,19,19,19.01,19.01,19.02,19.02,19.03,19.03,19.04,19.04,19.05,19.06,19.06,19.06,19.05,19.05,19.05,19.04,19.04,19.04,19.03,19.03,19.02,19,18.99,18.97,18.95,18.92,18.92,18.89,18.88,18.86,18.83,18.82,18.81,18.77,18.73,18.71,18.66,18.62,18.55,18.49,18.42,18.38,18.32,18.31,18.13,18.02,17.9,17.76,17.67
ODP1012,32.28,-118.38,UK37,PAC,17.05,17.05,17.06,17.09,17.12,17.15,17.16,17.18,17.2,17.21,17.23,17.26,17.28,17.29,17.33,17.34,17.35,17.38,17.41,17.42,17.46,17.5,17.52,17.54,17.57,17.62,17.63,17.66,17.69,17.72,17.78,17.82,17.86,17.89,17.93,17.98,18.01,18.03,18.07,18.1,18.13,18.16,18.2,18.25,18.28,18.3,18.35,18.38,18.41,18.46,18.48,18.51,18.54,18.58,18.6,18.63,18.67,18.71,18.74,18.77,18.81,18.83,18.87,18.89,18.93,18.96,19,19.03,19.07,19.09,19.12,19.14,19.18,19.2,19.24,19.26,19.3,19.32,19.35,19.38,19.41,19.44,19.45,19.46,19.49,19.53,19.54,19.56,19.57,19.58,19.59,19.61,19.64,19.66,19.67,19.68,19.7,19.71,19.72,19.72,19.74,19.76,19.78,19.79,19.79,19.78,19.78,19.79,19.8,19.8,19.79,19.78,19.78,19.77,19.77,19.75,19.75,19.75,19.72,19.7,19.68,19.65,19.65,19.64,19.61,19.57,19.54,19.49,19.45,19.37,19.33,19.27,19.16,19.08,19.02,18.92,18.83,18.7,18.57,18.45,18.37,18.3,18.23,18.17,18.1,18.04,17.95,17.88,17.8,17.75,17.64
LAPAZ21P,22.98,-109.47,UK37,PAC,25.57,25.58,25.61,25.63,25.63,25.66,25.68,25.71,25.73,25.75,25.77,25.79,25.83,25.84,25.87,25.89,25.92,25.93,25.97,25.99,26.01,26.02,26.03,26.05,26.08,26.1,26.11,26.11,26.15,26.16,26.18,26.21,26.25,26.27,26.29,26.3,26.32,26.35,26.38,26.39,26.39,26.4,26.42,26.45,26.48,26.49,26.5,26.51,26.53,26.57,26.61,26.63,26.64,26.67,26.69,26.7,26.71,26.72,26.74,26.76,26.77,26.78,26.79,26.79,26.81,26.82,26.83,26.83,26.85,26.85,26.88,26.9,26.9,26.91,26.92,26.94,26.94,26.96,26.97,26.97,27.01,27.02,27.01,27.02,27.04,27.06,27.08,27.1,27.1,27.1,27.11,27.12,27.13,27.12,27.14,27.14,27.14,27.16,27.16,27.18,27.19,27.19,27.2,27.21,27.23,27.24,27.24,27.24,27.23,27.23,27.25,27.27,27.28,27.3,27.31,27.3,27.29,27.31,27.33,27.33,27.31,27.32,27.34,27.35,27.34,27.35,27.35,27.35,27.34,27.36,27.36,27.38,27.37,27.37,27.37,27.36,27.36,27.34,27.32,27.3,27.28,27.26,27.22,27.17,27.13,27.08,27.05,27.03,27,26.94,26.86
ODP1145,19.53,117.63,MgCa,PAC,22.5,22.5,22.52,22.52,22.51,22.49,22.51,22.5,22.5,22.52,22.51,22.49,22.5,22.51,22.52,22.51,22.48,22.48,22.5,22.49,22.49,22.52,22.52,22.53,22.53,22.53,22.54,22.56,22.59,22.62,22.65,22.68,22.69,22.74,22.79,22.86,22.93,23,23.08,23.17,23.3,23.4,23.49,23.6,23.7,23.77,23.87,23.98,24.08,24.16,24.19,24.26,24.31,24.32,24.34,24.37,24.39,24.42,24.45,24.45,24.45,24.46,24.48,24.45,24.47,24.48,24.48,24.49,24.5,24.49,24.49,24.49,24.5,24.5,24.54,24.55,24.57,24.58,24.59,24.58,24.58,24.61,24.63,24.65,24.66,24.71,24.74,24.77,24.81,24.83,24.85,24.87,24.9,24.93,24.96,24.98,25.02,25.03,25.03,25.04,25.06,25.09,25.09,25.11,25.1,25.11,25.12,25.13,25.12,25.1,25.1,25.08,25.08,25.08,25.06,25.04,25.01,24.99,24.98,24.96,24.94,24.95,24.94,24.9,24.91,24.91,24.88,24.84,24.82,24.84,24.84,24.8,24.77,24.74,24.7,24.67,24.63,24.59,24.55,24.5,24.49,24.43,24.39,24.32,24.28,24.24,24.2,24.11,24.05,24.02,24
ODP1146,19.45,116.27,UK37,PAC,25.58,25.58,25.6,25.63,25.65,25.67,25.68,25.71,25.74,25.77,25.81,25.83,25.85,25.86,25.89,25.92,25.94,25.97,25.99,26.02,26.05,26.08,26.1,26.13,26.15,26.18,26.21,26.24,26.27,26.3,26.32,26.34,26.37,26.38,26.4,26.44,26.46,26.48,26.49,26.52,26.54,26.56,26.57,26.59,26.6,26.63,26.65,26.66,26.68,26.71,26.71,26.72,26.73,26.74,26.75,26.76,26.78,26.79,26.8,26.81,26.82,26.83,26.85,26.86,26.87,26.88,26.89,26.89,26.91,26.91,26.92,26.93,26.93,26.93,26.93,26.94,26.94,26.94,26.95,26.96,26.95,26.96,26.96,26.97,26.96,26.96,26.95,26.95,26.95,26.95,26.95,26.94,26.94,26.95,26.94,26.95,26.96,26.96,26.96,26.95,26.95,26.95,26.95,26.95,26.95,26.93,26.94,26.92,26.92,26.92,26.93,26.92,26.91,26.91,26.92,26.92,26.92,26.92,26.91,26.92,26.91,26.89,26.89,26.88,26.88,26.87,26.86,26.85,26.82,26.81,26.78,26.76,26.75,26.73,26.7,26.65,26.62,26.59,26.57,26.54,26.48,26.43,26.38,26.34,26.29,26.23,26.18,26.14,26.1,26.03,25.94
MD97-2151,8.73,109.87,UK37,PAC,27.29,27.29,27.33,27.33,27.38,27.4,27.41,27.47,27.46,27.44,27.44,27.46,27.42,27.5,27.53,27.52,27.53,27.57,27.62,27.63,27.61,27.63,27.65,27.67,27.69,27.69,27.73,27.72,27.75,27.71,27.73,27.77,27.82,27.78,27.78,27.84,27.86,27.85,27.85,27.89,27.88,27.89,27.88,27.91,27.92,27.94,27.94,27.96,27.99,28.01,27.99,28.01,28.05,28.04,28.01,28.06,28.04,28.06,28.08,28.09,28.08,28.1,28.12,28.14,28.15,28.15,28.15,28.16,28.18,28.23,28.17,28.21,28.22,28.17,28.17,28.21,28.21,28.2,28.22,28.19,28.24,28.25,28.24,28.21,28.19,28.23,28.21,28.21,28.19,28.21,28.2,28.22,28.24,28.24,28.23,28.19,28.24,28.22,28.21,28.21,28.22,28.26,28.26,28.22,28.2,28.18,28.2,28.21,28.2,28.15,28.17,28.14,28.12,28.16,28.17,28.16,28.14,28.13,28.12,28.14,28.13,28.14,28.11,28.14,28.09,28.05,28.08,28.08,28.05,28.02,28,27.99,28,27.98,28.01,28,27.91,27.88,27.83,27.79,27.73,27.7,27.66,27.61,27.51,27.45,27.43,27.39,27.31,27.29,27.22
GIK17961-2,8.5,112.33,UK37,PAC,28.07,28.07,28.09,28.1,28.11,28.11,28.12,28.13,28.14,28.15,28.16,28.18,28.18,28.19,28.2,28.21,28.22,28.23,28.25,28.26,28.27,28.28,28.29,28.31,28.32,28.34,28.35,28.36,28.36,28.37,28.38,28.38,28.38,28.38,28.39,28.4,28.41,28.42,28.43,28.43,28.43,28.45,28.46,28.47,28.48,28.49,28.5,28.5,28.5,28.52,28.54,28.55,28.56,28.56,28.57,28.58,28.59,28.61,28.62,28.63,28.62,28.63,28.62,28.62,28.64,28.65,28.66,28.66,28.67,28.67,28.67,28.67,28.67,28.67,28.67,28.67,28.67,28.68,28.67,28.67,28.68,28.67,28.68,28.67,28.65,28.66,28.65,28.65,28.66,28.64,28.64,28.63,28.63,28.64,28.64,28.63,28.63,28.64,28.63,28.63,28.62,28.62,28.62,28.62,28.62,28.63,28.62,28.63,28.63,28.62,28.62,28.63,28.61,28.6,28.6,28.59,28.6,28.6,28.6,28.6,28.61,28.6,28.58,28.58,28.58,28.57,28.58,28.58,28.57,28.56,28.57,28.57,28.56,28.55,28.54,28.54,28.54,28.54,28.54,28.55,28.54,28.54,28.53,28.52,28.51,28.5,28.49,28.49,28.49,28.49,28.49
Y71-6-12,1.02,160.48,Foram,PAC,21.2,21.22,21.24,21.24,21.23,21.21,21.2,21.2,21.22,21.23,21.21,21.21,21.21,21.22,21.2,21.19,21.18,21.18,21.16,21.19,21.19,21.2,21.21,21.22,21.23,21.22,21.22,21.24,21.25,21.22,21.24,21.24,21.26,21.3,21.34,21.35,21.37,21.42,21.44,21.46,21.47,21.47,21.46,21.5,21.5,21.55,21.57,21.59,21.6,21.62,21.63,21.62,21.63,21.65,21.66,21.67,21.68,21.71,21.72,21.74,21.76,21.8,21.83,21.85,21.88,21.92,21.97,21.99,22,22.01,22.03,22.05,22.08,22.11,22.13,22.18,22.21,22.24,22.27,22.33,22.36,22.42,22.45,22.47,22.48,22.47,22.51,22.52,22.54,22.54,22.6,22.6,22.6,22.62,22.65,22.66,22.67,22.69,22.73,22.74,22.73,22.74,22.74,22.74,22.77,22.79,22.81,22.8,22.79,22.79,22.81,22.82,22.85,22.89,22.89,22.92,22.94,22.94,22.96,22.98,22.98,23.01,23.01,23.03,23.06,23.11,23.15,23.16,23.2,23.22,23.23,23.26,23.28,23.29,23.34,23.37,23.44,23.47,23.48,23.56,23.59,23.66,23.68,23.7,23.73,23.76,23.77,23.8,23.8,23.81,23.81
W8402A,0.95,-138.95,UK37,PAC,26.81,26.8,26.79,26.78,26.77,26.77,26.76,26.75,26.74,26.72,26.71,26.7,26.69,26.69,26.67,26.67,26.66,26.66,26.65,26.64,26.63,26.62,26.61,26.6,26.6,26.59,26.59,26.58,26.57,26.56,26.55,26.55,26.54,26.53,26.52,26.52,26.51,26.51,26.5,26.5,26.5,26.49,26.49,26.49,26.49,26.49,26.49,26.48,26.48,26.48,26.49,26.49,26.5,26.5,26.5,26.5,26.5,26.5,26.5,26.5,26.51,26.52,26.53,26.53,26.54,26.54,26.55,26.55,26.56,26.57,26.58,26.59,26.6,26.61,26.62,26.63,26.64,26.65,26.66,26.67,26.69,26.7,26.71,26.72,26.74,26.75,26.75,26.77,26.78,26.79,26.81,26.82,26.83,26.84,26.86,26.87,26.9,26.91,26.92,26.93,26.95,26.96,26.97,26.98,27,27.01,27.02,27.04,27.05,27.07,27.08,27.1,27.11,27.13,27.15,27.16,27.17,27.19,27.2,27.22,27.24,27.26,27.27,27.28,27.29,27.31,27.33,27.34,27.36,27.37,27.39,27.41,27.43,27.44,27.45,27.46,27.48,27.49,27.51,27.52,27.54,27.55,27.57,27.58,27.59,27.61,27.63,27.64,27.67,27.68,27.69
TR163-22,0.5,-92.4,MgCa,PAC,21.2,21.22,21.24,21.24,21.23,21.21,21.2,21.2,21.22,21.23,21.21,21.21,21.21,21.22,21.2,21.19,21.18,21.18,21.16,21.19,21.19,21.2,21.21,21.22,21.23,21.22,21.22,21.24,21.25,21.22,21.24,21.24,21.26,21.3,21.34,21.35,21.37,21.42,21.44,21.46,21.47,21.47,21.46,21.5,21.5,21.55,21.57,21.59,21.6,21.62,21.63,21.62,21.63,21.65,21.66,21.67,21.68,21.71,21.72,21.74,21.76,21.8,21.83,21.85,21.88,21.92,21.97,21.99,22,22.01,22.03,22.05,22.08,22.11,22.13,22.18,22.21,22.24,22.27,22.33,22.36,22.42,22.45,22.47,22.48,22.47,22.51,22.52,22.54,22.54,22.6,22.6,22.6,22.62,22.65,22.66,22.67,22.69,22.73,22.74,22.73,22.74,22.74,22.74,22.77,22.79,22.81,22.8,22.79,22.79,22.81,22.82,22.85,22.89,22.89,22.92,22.94,22.94,22.96,22.98,22.98,23.01,23.01,23.03,23.06,23.11,23.15,23.16,23.2,23.22,23.23,23.26,23.28,23.29,23.34,23.37,23.44,23.47,23.48,23.56,23.59,23.66,23.68,23.7,23.73,23.76,23.77,23.8,23.8,23.81,23.81
ODP 846,-3.08,-90.82,UK37,PAC,22.62,22.63,22.63,22.64,22.64,22.65,22.65,22.66,22.65,22.65,22.64,22.64,22.64,22.64,22.64,22.65,22.65,22.65,22.65,22.65,22.66,22.66,22.66,22.67,22.67,22.69,22.69,22.71,22.71,22.71,22.72,22.71,22.71,22.72,22.72,22.73,22.74,22.74,22.74,22.76,22.76,22.76,22.77,22.77,22.79,22.79,22.81,22.81,22.83,22.82,22.83,22.85,22.86,22.85,22.86,22.87,22.88,22.88,22.9,22.92,22.93,22.94,22.96,22.97,22.98,22.99,23.01,23.03,23.05,23.07,23.09,23.11,23.13,23.14,23.16,23.17,23.19,23.21,23.23,23.25,23.25,23.26,23.28,23.31,23.33,23.35,23.36,23.39,23.4,23.42,23.42,23.44,23.45,23.47,23.49,23.5,23.53,23.56,23.57,23.59,23.59,23.6,23.61,23.63,23.65,23.66,23.67,23.69,23.7,23.71,23.72,23.74,23.77,23.78,23.8,23.81,23.81,23.82,23.83,23.86,23.88,23.9,23.9,23.93,23.94,23.96,23.99,24,24.02,24.05,24.07,24.11,24.12,24.14,24.16,24.2,24.23,24.25,24.29,24.32,24.35,24.37,24.39,24.43,24.45,24.47,24.48,24.51,24.52,24.52,24.54
V19-29,-3.57,-83.22,Foram,PAC,18.06,18.1,18.12,18.17,18.2,18.23,18.27,18.28,18.3,18.34,18.37,18.39,18.43,18.48,18.5,18.53,18.57,18.6,18.63,18.68,18.71,18.74,18.79,18.84,18.89,18.95,19,19.05,19.1,19.16,19.21,19.29,19.34,19.4,19.45,19.51,19.57,19.64,19.69,19.75,19.82,19.88,19.95,20.02,20.07,20.13,20.18,20.25,20.29,20.34,20.42,20.47,20.52,20.56,20.6,20.62,20.65,20.69,20.72,20.77,20.8,20.83,20.88,20.91,20.94,20.99,21.04,21.07,21.11,21.14,21.18,21.2,21.24,21.27,21.29,21.31,21.32,21.31,21.31,21.32,21.32,21.33,21.34,21.34,21.34,21.36,21.36,21.37,21.38,21.39,21.4,21.4,21.4,21.41,21.41,21.4,21.4,21.41,21.41,21.4,21.4,21.4,21.4,21.39,21.4,21.4,21.39,21.4,21.38,21.39,21.37,21.37,21.35,21.35,21.33,21.32,21.32,21.31,21.3,21.29,21.26,21.25,21.23,21.21,21.2,21.17,21.14,21.12,21.09,21.09,21.05,21.05,21.02,20.99,21,20.97,20.96,20.93,20.92,20.92,20.91,20.88,20.87,20.86,20.85,20.83,20.83,20.82,20.83,20.84,20.84
MD06-3018,-23,166.13,Radiolaria,PAC,17.42,17.43,17.37,17.39,17.37,17.36,17.37,17.4,17.4,17.45,17.49,17.49,17.43,17.44,17.42,17.41,17.45,17.48,17.48,17.51,17.53,17.55,17.52,17.52,17.52,17.51,17.56,17.57,17.58,17.59,17.59,17.61,17.62,17.64,17.67,17.69,17.67,17.68,17.71,17.71,17.76,17.78,17.81,17.83,17.87,17.91,17.91,17.97,17.99,17.99,18.02,18.06,18.06,18.1,18.12,18.16,18.17,18.2,18.26,18.3,18.38,18.44,18.48,18.5,18.54,18.57,18.63,18.69,18.76,18.8,18.83,18.82,18.85,18.85,18.88,18.9,18.92,18.94,18.94,18.93,18.9,18.93,18.94,18.91,18.9,18.89,18.92,18.92,18.97,19,18.97,18.97,18.99,19,19.02,19.07,19.09,19.08,19.13,19.13,19.14,19.15,19.13,19.16,19.22,19.29,19.37,19.46,19.49,19.58,19.58,19.68,19.78,19.91,19.96,20.09,20.22,20.35,20.44,20.61,20.7,20.85,20.97,21.11,21.26,21.4,21.52,21.69,21.77,21.87,21.91,21.97,22.08,22.13,22.22,22.26,22.33,22.4,22.44,22.5,22.52,22.56,22.6,22.63,22.68,22.69,22.7,22.73,22.74,22.77,22.79
MD97-2121,-40.38,177.98,MgCa,PAC,16.94,16.95,16.96,16.96,16.96,16.96,16.98,16.99,17,17.02,17.04,17.06,17.08,17.12,17.13,17.15,17.16,17.18,17.24,17.27,17.3,17.33,17.36,17.39,17.41,17.45,17.55,17.61,17.68,17.77,17.83,17.89,17.92,17.98,18.02,18.11,18.17,18.24,18.33,18.4,18.42,18.47,18.54,18.6,18.64,18.71,18.76,18.8,18.82,18.89,18.94,19.03,19.11,19.2,19.24,19.3,19.32,19.36,19.43,19.47,19.54,19.58,19.63,19.62,19.65,19.71,19.76,19.78,19.77,19.77,19.78,19.82,19.87,19.9,19.94,19.97,19.97,20.02,20.02,20.02,20.06,20.12,20.16,20.16,20.15,20.15,20.15,20.15,20.19,20.2,20.25,20.24,20.26,20.27,20.28,20.28,20.27,20.29,20.29,20.32,20.34,20.34,20.35,20.37,20.35,20.38,20.37,20.38,20.41,20.41,20.4,20.4,20.41,20.42,20.42,20.43,20.4,20.4,20.38,20.41,20.4,20.37,20.39,20.39,20.4,20.39,20.42,20.4,20.42,20.4,20.38,20.37,20.33,20.34,20.31,20.32,20.32,20.26,20.22,20.21,20.16,20.17,20.1,20.09,20.05,20.02,19.93,19.88,19.81,19.76,19.64
RC15-61,-40.62,-77.2,Radiolaria,PAC,7.77,7.83,7.88,7.91,7.96,8,8.05,8.08,8.12,8.18,8.21,8.26,8.29,8.33,8.37,8.41,8.44,8.49,8.53,8.56,8.59,8.61,8.64,8.66,8.71,8.73,8.77,8.8,8.83,8.84,8.86,8.87,8.89,8.9,8.91,8.92,8.92,8.93,8.93,8.94,8.96,8.96,8.95,8.95,8.96,8.97,8.97,8.97,8.97,8.96,8.96,8.96,8.95,8.94,8.93,8.92,8.92,8.91,8.91,8.92,8.92,8.92,8.9,8.89,8.9,8.87,8.87,8.86,8.85,8.83,8.82,8.81,8.78,8.77,8.76,8.74,8.72,8.7,8.7,8.66,8.64,8.62,8.6,8.59,8.56,8.54,8.51,8.5,8.48,8.46,8.44,8.43,8.4,8.38,8.37,8.34,8.33,8.31,8.28,8.25,8.22,8.21,8.19,8.18,8.17,8.15,8.13,8.12,8.1,8.08,8.06,8.04,8.02,8.01,8,7.98,7.97,7.95,7.94,7.93,7.91,7.9,7.88,7.87,7.88,7.89,7.87,7.88,7.86,7.88,7.89,7.88,7.88,7.89,7.91,7.92,7.95,8,8.02,8.02,8.03,8.03,8.03,8.07,8.08,8.09,8.09,8.09,8.1,8.11,8.11
ODP 1123,-41.79,-171.5,Foram,PAC,15.1,15.13,15.16,15.19,15.23,15.24,15.25,15.27,15.31,15.36,15.39,15.41,15.44,15.46,15.5,15.52,15.56,15.57,15.59,15.63,15.66,15.71,15.76,15.79,15.81,15.85,15.88,15.92,15.96,16,16.03,16.06,16.09,16.12,16.14,16.15,16.18,16.22,16.25,16.28,16.32,16.34,16.36,16.38,16.4,16.43,16.41,16.45,16.47,16.49,16.48,16.49,16.5,16.52,16.51,16.52,16.54,16.56,16.57,16.59,16.6,16.62,16.63,16.64,16.66,16.66,16.69,16.7,16.73,16.73,16.72,16.73,16.73,16.72,16.75,16.76,16.77,16.78,16.79,16.8,16.82,16.82,16.81,16.8,16.8,16.81,16.8,16.79,16.78,16.77,16.77,16.78,16.82,16.82,16.81,16.82,16.82,16.81,16.81,16.81,16.82,16.79,16.79,16.81,16.79,16.77,16.77,16.76,16.75,16.74,16.73,16.71,16.69,16.67,16.68,16.65,16.61,16.59,16.6,16.57,16.55,16.54,16.54,16.53,16.52,16.52,16.52,16.51,16.51,16.49,16.47,16.47,16.44,16.4,16.4,16.36,16.35,16.34,16.32,16.29,16.28,16.25,16.25,16.23,16.19,16.14,16.12,16.07,16.05,16.03,15.98
MD97-2106,-45.15,146.29,Foram,PAC,13.6,13.63,13.57,13.52,13.52,13.53,13.62,13.73,13.74,13.65,13.64,13.78,13.79,13.76,13.76,13.73,13.68,13.72,13.76,13.73,13.71,13.67,13.67,13.71,13.74,13.78,13.74,13.73,13.72,13.74,13.72,13.66,13.75,13.68,13.66,13.72,13.69,13.74,13.73,13.73,13.73,13.74,13.76,13.74,13.73,13.66,13.63,13.61,13.63,13.69,13.75,13.73,13.76,13.71,13.75,13.73,13.75,13.76,13.78,13.77,13.78,13.82,13.73,13.71,13.74,13.73,13.76,13.77,13.78,13.8,13.8,13.78,13.77,13.71,13.74,13.73,13.71,13.71,13.75,13.76,13.77,13.73,13.76,13.75,13.73,13.75,13.77,13.77,13.74,13.74,13.75,13.76,13.75,13.73,13.72,13.73,13.76,13.79,13.76,13.77,13.81,13.81,13.81,13.81,13.87,13.9,13.91,13.95,13.93,13.93,13.93,13.96,13.99,14,14,13.99,14.02,14.05,14.07,14.08,14.1,14.14,14.19,14.23,14.25,14.29,14.3,14.36,14.41,14.44,14.48,14.49,14.49,14.53,14.6,14.6,14.6,14.59,14.61,14.64,14.64,14.64,14.67,14.67,14.68,14.76,14.78,14.82,14.8,14.77,14.73
DSP SITE 594,-45.5,174.95,Foram,PAC,8.95,8.97,8.99,9.02,9.04,9.05,9.07,9.08,9.1,9.12,9.15,9.16,9.18,9.19,9.2,9.22,9.24,9.26,9.28,9.31,9.33,9.35,9.36,9.39,9.41,9.43,9.46,9.48,9.51,9.53,9.55,9.57,9.59,9.62,9.63,9.66,9.67,9.69,9.71,9.73,9.76,9.77,9.79,9.8,9.82,9.85,9.87,9.9,9.91,9.94,9.96,9.98,10,10.01,10.03,10.05,10.07,10.09,10.11,10.14,10.16,10.18,10.2,10.22,10.24,10.25,10.27,10.29,10.3,10.32,10.34,10.37,10.39,10.41,10.43,10.45,10.47,10.48,10.5,10.52,10.53,10.56,10.57,10.59,10.6,10.64,10.64,10.67,10.71,10.73,10.76,10.79,10.81,10.82,10.83,10.86,10.88,10.9,10.91,10.94,10.97,10.98,10.99,11.02,11.02,11.04,11.06,11.08,11.1,11.15,11.17,11.18,11.19,11.2,11.2,11.23,11.24,11.25,11.27,11.31,11.32,11.34,11.38,11.41,11.43,11.46,11.48,11.48,11.51,11.56,11.61,11.66,11.7,11.71,11.7,11.73,11.76,11.77,11.79,11.79,11.81,11.82,11.81,11.86,11.85,11.86,11.85,11.85,11.86,11.86,11.85
MD97-2120,-45.52,174.93,MgCa,PAC,16.02,16.03,16.03,16.04,16.05,16.06,16.06,16.08,16.1,16.11,16.12,16.13,16.15,16.17,16.17,16.19,16.2,16.22,16.23,16.26,16.28,16.29,16.32,16.34,16.37,16.4,16.41,16.45,16.48,16.51,16.54,16.57,16.59,16.61,16.64,16.67,16.7,16.73,16.76,16.79,16.82,16.84,16.88,16.92,16.95,16.99,17.02,17.04,17.09,17.11,17.14,17.18,17.21,17.24,17.28,17.32,17.36,17.4,17.43,17.48,17.5,17.53,17.58,17.62,17.66,17.7,17.74,17.79,17.83,17.87,17.91,17.97,18,18.03,18.07,18.1,18.13,18.18,18.21,18.25,18.28,18.3,18.33,18.35,18.38,18.41,18.45,18.46,18.47,18.49,18.5,18.51,18.51,18.52,18.51,18.52,18.52,18.52,18.51,18.51,18.5,18.51,18.52,18.51,18.49,18.48,18.47,18.46,18.47,18.48,18.48,18.49,18.49,18.47,18.47,18.49,18.49,18.52,18.54,18.56,18.59,18.63,18.68,18.72,18.77,18.85,18.88,18.95,19.01,19.09,19.17,19.24,19.33,19.36,19.44,19.48,19.58,19.61,19.66,19.69,19.68,19.71,19.76,19.77,19.78,19.78,19.76,19.76,19.71,19.67,19.65
Y9,-48.24,177.37,Foram,PAC,11.48,11.5,11.47,11.47,11.43,11.45,11.46,11.43,11.43,11.41,11.43,11.43,11.45,11.49,11.49,11.52,11.53,11.57,11.6,11.61,11.64,11.7,11.7,11.72,11.77,11.78,11.76,11.77,11.8,11.8,11.81,11.81,11.81,11.81,11.8,11.81,11.82,11.85,11.87,11.94,11.99,12.03,12.03,12.08,12.12,12.17,12.18,12.2,12.22,12.22,12.24,12.26,12.25,12.31,12.35,12.36,12.39,12.4,12.41,12.44,12.44,12.45,12.49,12.51,12.56,12.59,12.58,12.61,12.61,12.63,12.65,12.67,12.71,12.74,12.72,12.73,12.76,12.79,12.77,12.79,12.78,12.8,12.84,12.84,12.83,12.82,12.83,12.84,12.85,12.87,12.86,12.89,12.91,12.91,12.92,12.95,12.97,13.02,13.03,13.05,13.07,13.13,13.14,13.16,13.18,13.21,13.24,13.27,13.27,13.32,13.34,13.36,13.37,13.37,13.39,13.43,13.45,13.49,13.54,13.58,13.59,13.6,13.6,13.59,13.59,13.65,13.66,13.65,13.65,13.63,13.66,13.66,13.66,13.63,13.62,13.61,13.62,13.62,13.6,13.55,13.57,13.54,13.51,13.46,13.44,13.39,13.37,13.28,13.21,13.13,13.01
MD97-2108,-48.5,149.11,Foram,PAC,8.3,8.34,8.36,8.37,8.41,8.42,8.46,8.51,8.54,8.59,8.64,8.67,8.72,8.75,8.8,8.84,8.88,8.92,8.95,8.98,9.06,9.09,9.1,9.23,9.28,9.34,9.39,9.42,9.5,9.57,9.65,9.72,9.79,9.81,9.89,9.98,10.04,10.08,10.15,10.17,10.23,10.28,10.3,10.3,10.32,10.34,10.34,10.39,10.42,10.43,10.45,10.46,10.46,10.47,10.49,10.49,10.5,10.5,10.55,10.55,10.56,10.6,10.6,10.59,10.62,10.64,10.65,10.64,10.7,10.73,10.71,10.73,10.74,10.75,10.8,10.8,10.82,10.84,10.86,10.88,10.87,10.91,10.93,10.93,10.93,10.96,11.01,11.04,11.09,11.13,11.17,11.17,11.2,11.18,11.22,11.23,11.24,11.26,11.28,11.31,11.33,11.38,11.36,11.38,11.38,11.37,11.39,11.4,11.44,11.43,11.45,11.48,11.44,11.46,11.43,11.48,11.45,11.46,11.46,11.46,11.43,11.43,11.39,11.37,11.34,11.33,11.31,11.24,11.2,11.15,11.1,11.04,11,10.93,10.86,10.79,10.72,10.67,10.64,10.58,10.54,10.49,10.37,10.33,10.31,10.24,10.17,10.12,10.02,9.98,9.85
MD97-2109,-50.63,169.38,Foram,PAC,7.43,7.42,7.43,7.44,7.48,7.52,7.57,7.59,7.59,7.61,7.7,7.75,7.8,7.9,7.97,8.02,8.06,8.15,8.21,8.24,8.26,8.35,8.42,8.53,8.66,8.7,8.81,8.91,9.02,9.07,9.18,9.22,9.32,9.38,9.51,9.57,9.62,9.68,9.74,9.82,9.88,9.91,9.96,10,10.03,10.11,10.17,10.22,10.25,10.28,10.31,10.35,10.39,10.41,10.42,10.44,10.45,10.47,10.49,10.52,10.51,10.54,10.54,10.53,10.58,10.57,10.59,10.61,10.64,10.63,10.63,10.64,10.64,10.61,10.61,10.62,10.59,10.56,10.56,10.54,10.53,10.49,10.46,10.41,10.36,10.32,10.28,10.24,10.16,10.11,10.06,9.99,9.95,9.85,9.8,9.72,9.65,9.56,9.51,9.41,9.36,9.24,9.12,9.04,8.92,8.8,8.7,8.66,8.56,8.47,8.34,8.27,8.2,8.12,8.05,7.93,7.88,7.78,7.72,7.64,7.55,7.5,7.47,7.41,7.3,7.26,7.21,7.17,7.14,7.1,7.07,6.99,6.97,6.92,6.92,6.9,6.9,6.9,6.91,6.93,6.93,6.94,6.95,6.97,6.98,7.01,7.03,7.07,7.1,7.16,7.17
V34-88,16.52,59.53,Foram,IND,25.71,25.72,25.71,25.71,25.71,25.71,25.7,25.68,25.68,25.68,25.67,25.67,25.66,25.64,25.63,25.6,25.6,25.59,25.57,25.56,25.55,25.54,25.54,25.52,25.49,25.48,25.47,25.45,25.44,25.43,25.43,25.42,25.41,25.41,25.39,25.38,25.38,25.36,25.35,25.35,25.35,25.33,25.32,25.31,25.3,25.29,25.29,25.28,25.29,25.29,25.28,25.28,25.26,25.26,25.25,25.25,25.24,25.24,25.23,25.23,25.23,25.23,25.23,25.21,25.21,25.21,25.2,25.21,25.21,25.21,25.22,25.22,25.22,25.22,25.23,25.22,25.23,25.24,25.25,25.25,25.25,25.25,25.26,25.25,25.25,25.25,25.25,25.26,25.27,25.28,25.29,25.31,25.3,25.31,25.32,25.31,25.32,25.32,25.31,25.28,25.29,25.3,25.33,25.34,25.35,25.38,25.41,25.41,25.42,25.42,25.45,25.42,25.43,25.43,25.43,25.44,25.45,25.48,25.48,25.48,25.47,25.49,25.51,25.55,25.55,25.57,25.6,25.61,25.63,25.64,25.64,25.65,25.69,25.69,25.72,25.76,25.81,25.84,25.86,25.87,25.88,25.88,25.87,25.89,25.92,25.91,25.94,25.94,25.96,25.97,25.99
RC 12-339,9.13,90.03,Foram,IND,26.1,26.12,26.13,26.12,26.14,26.13,26.14,26.15,26.15,26.17,26.2,26.19,26.19,26.21,26.22,26.2,26.2,26.2,26.2,26.22,26.25,26.25,26.27,26.29,26.28,26.3,26.32,26.32,26.33,26.33,26.37,26.38,26.38,26.4,26.41,26.42,26.42,26.45,26.47,26.47,26.46,26.48,26.47,26.47,26.48,26.49,26.5,26.51,26.51,26.5,26.5,26.49,26.5,26.52,26.52,26.53,26.56,26.55,26.54,26.55,26.57,26.58,26.58,26.59,26.61,26.61,26.62,26.6,26.62,26.64,26.63,26.64,26.64,26.66,26.66,26.66,26.67,26.68,26.69,26.7,26.7,26.68,26.68,26.68,26.69,26.7,26.73,26.74,26.76,26.77,26.76,26.77,26.77,26.8,26.8,26.8,26.82,26.81,26.81,26.81,26.83,26.83,26.82,26.85,26.85,26.87,26.88,26.89,26.91,26.93,26.95,26.95,26.97,26.98,27,27.02,27.04,27.06,27.07,27.06,27.07,27.07,27.09,27.1,27.1,27.11,27.1,27.12,27.13,27.13,27.11,27.11,27.09,27.08,27.07,27.05,27.02,27.02,27.03,27.04,27.04,27.05,27.05,27.03,27.02,27.01,26.99,26.98,26.98,26.97,26.97
GEOB 10038-4,-5.94,103.25,MgCa,IND,27.7,27.71,27.74,27.75,27.77,27.79,27.81,27.78,27.78,27.81,27.82,27.85,27.84,27.84,27.84,27.83,27.85,27.86,27.86,27.87,27.88,27.91,27.9,27.91,27.91,27.9,27.92,27.92,27.9,27.9,27.9,27.9,27.9,27.92,27.94,27.96,27.95,27.98,27.99,27.98,27.98,27.97,28,28,28.02,28.01,28.01,27.99,28.01,28.01,28.03,28.03,28.03,28.02,28.02,28.01,28,27.98,27.98,27.98,27.98,27.98,27.98,27.98,27.96,27.96,27.95,27.94,27.95,27.94,27.94,27.95,27.97,27.97,27.94,27.96,27.95,27.94,27.93,27.91,27.89,27.91,27.88,27.88,27.88,27.87,27.86,27.86,27.87,27.88,27.86,27.88,27.88,27.88,27.88,27.9,27.91,27.92,27.93,27.94,27.94,27.95,27.94,27.93,27.92,27.91,27.88,27.86,27.85,27.85,27.84,27.86,27.85,27.86,27.86,27.83,27.8,27.79,27.77,27.76,27.72,27.69,27.66,27.64,27.62,27.61,27.6,27.61,27.58,27.56,27.51,27.53,27.55,27.55,27.54,27.54,27.53,27.48,27.47,27.45,27.46,27.45,27.46,27.47,27.44,27.42,27.4,27.37,27.33,27.34,27.31
GEOB 10038-4,-5.94,103.25,UK37,IND,28.53,28.55,28.56,28.57,28.57,28.55,28.54,28.56,28.56,28.57,28.56,28.58,28.58,28.59,28.59,28.6,28.6,28.6,28.59,28.59,28.6,28.58,28.57,28.57,28.57,28.58,28.58,28.59,28.59,28.59,28.58,28.59,28.59,28.62,28.61,28.62,28.63,28.62,28.61,28.6,28.61,28.62,28.61,28.61,28.61,28.59,28.59,28.6,28.59,28.6,28.61,28.61,28.61,28.62,28.62,28.62,28.61,28.62,28.61,28.61,28.6,28.6,28.63,28.63,28.62,28.61,28.61,28.6,28.58,28.57,28.57,28.57,28.57,28.55,28.54,28.54,28.53,28.55,28.53,28.51,28.48,28.47,28.49,28.5,28.48,28.48,28.48,28.49,28.47,28.47,28.46,28.46,28.44,28.44,28.44,28.43,28.42,28.42,28.42,28.41,28.4,28.38,28.37,28.36,28.35,28.35,28.35,28.33,28.34,28.36,28.36,28.35,28.35,28.34,28.33,28.33,28.35,28.37,28.39,28.37,28.38,28.36,28.36,28.35,28.35,28.35,28.32,28.32,28.31,28.32,28.31,28.31,28.32,28.34,28.34,28.34,28.33,28.33,28.3,28.29,28.3,28.3,28.31,28.33,28.29,28.26,28.26,28.3,28.33,28.33,28.35
MD01-2378,-13.08,121.79,MgCa,IND,27.78,27.79,27.78,27.85,27.85,27.84,27.83,27.82,27.85,27.94,27.98,27.98,28,27.98,28.04,28.13,28.09,28.14,28.17,28.2,28.25,28.29,28.28,28.32,28.33,28.32,28.33,28.35,28.34,28.37,28.39,28.39,28.4,28.44,28.44,28.45,28.46,28.47,28.48,28.43,28.55,28.54,28.53,28.57,28.59,28.61,28.65,28.64,28.61,28.65,28.68,28.66,28.66,28.7,28.74,28.76,28.75,28.76,28.74,28.79,28.75,28.79,28.78,28.78,28.82,28.82,28.83,28.85,28.83,28.8,28.82,28.82,28.84,28.83,28.82,28.84,28.86,28.86,28.87,28.86,28.87,28.88,28.89,28.89,28.91,28.92,28.93,28.93,28.91,28.87,28.86,28.89,28.89,28.92,28.95,28.95,28.93,28.95,28.95,28.95,28.97,28.95,28.96,28.97,28.94,28.98,28.97,28.97,28.98,29.03,29.05,29.02,28.99,28.99,28.98,28.98,28.97,28.95,28.97,28.99,28.98,28.97,28.93,28.89,28.9,28.9,28.87,28.83,28.82,28.79,28.76,28.73,28.72,28.71,28.7,28.7,28.71,28.63,28.58,28.55,28.49,28.44,28.44,28.46,28.5,28.43,28.34,28.3,28.21,28.2,28.17
V28-345,-17.67,117.95,Foram,IND,26.59,26.6,26.6,26.59,26.59,26.58,26.57,26.57,26.57,26.55,26.55,26.53,26.55,26.54,26.54,26.54,26.54,26.54,26.51,26.5,26.5,26.5,26.5,26.5,26.5,26.5,26.5,26.49,26.49,26.48,26.49,26.49,26.48,26.47,26.47,26.45,26.45,26.43,26.43,26.44,26.45,26.47,26.48,26.47,26.47,26.47,26.48,26.49,26.47,26.48,26.5,26.48,26.48,26.47,26.48,26.48,26.49,26.49,26.5,26.49,26.49,26.5,26.53,26.53,26.54,26.55,26.55,26.57,26.57,26.58,26.6,26.59,26.61,26.63,26.65,26.67,26.68,26.69,26.7,26.71,26.72,26.73,26.75,26.77,26.78,26.77,26.78,26.78,26.76,26.78,26.8,26.81,26.82,26.83,26.85,26.89,26.9,26.92,26.92,26.94,26.95,26.98,26.98,26.98,27,27,27.02,27.02,27.01,27,27.01,27.03,27.01,27.01,27.01,27,27.01,27.02,27.01,27.03,27.01,27.01,27.01,27.01,26.99,26.98,27,26.97,26.95,26.95,26.97,26.97,26.96,26.93,26.9,26.88,26.87,26.87,26.84,26.81,26.8,26.81,26.81,26.8,26.79,26.8,26.77,26.78,26.75,26.72,26.69
MD94-101,-42.5,79.42,Foram,IND,9.8,9.82,9.84,9.87,9.88,9.89,9.91,9.92,9.94,9.94,9.95,9.97,9.98,10,10.03,10.04,10.06,10.09,10.11,10.14,10.17,10.21,10.24,10.27,10.3,10.33,10.36,10.39,10.42,10.45,10.47,10.51,10.55,10.57,10.6,10.64,10.67,10.68,10.71,10.74,10.77,10.79,10.83,10.85,10.88,10.9,10.93,10.96,11.01,11.02,11.04,11.04,11.07,11.12,11.14,11.18,11.21,11.26,11.29,11.32,11.36,11.38,11.39,11.41,11.43,11.46,11.51,11.54,11.59,11.65,11.67,11.73,11.75,11.78,11.84,11.9,11.95,12,12.07,12.13,12.2,12.26,12.32,12.41,12.44,12.46,12.51,12.56,12.6,12.63,12.67,12.67,12.69,12.73,12.75,12.76,12.78,12.8,12.82,12.84,12.83,12.83,12.84,12.83,12.83,12.82,12.83,12.8,12.8,12.8,12.78,12.77,12.76,12.71,12.72,12.7,12.67,12.65,12.62,12.6,12.56,12.54,12.51,12.49,12.46,12.44,12.44,12.43,12.41,12.4,12.39,12.37,12.36,12.34,12.36,12.36,12.35,12.35,12.35,12.33,12.32,12.32,12.32,12.29,12.29,12.29,12.27,12.26,12.25,12.22,12.2
MD84-527,-43.49,51.2,Diatom,IND,4.68,4.68,4.69,4.69,4.7,4.7,4.7,4.71,4.71,4.71,4.73,4.74,4.75,4.75,4.75,4.76,4.77,4.78,4.79,4.79,4.81,4.81,4.82,4.82,4.83,4.83,4.83,4.83,4.85,4.87,4.87,4.88,4.89,4.9,4.92,4.91,4.91,4.92,4.93,4.93,4.93,4.95,4.95,4.95,4.96,4.95,4.95,4.93,4.94,4.95,4.93,4.93,4.93,4.91,4.9,4.88,4.87,4.85,4.82,4.82,4.82,4.82,4.83,4.82,4.8,4.8,4.78,4.76,4.74,4.71,4.7,4.68,4.66,4.64,4.62,4.61,4.6,4.62,4.62,4.62,4.63,4.66,4.68,4.72,4.7,4.7,4.73,4.79,4.79,4.84,4.88,4.93,4.97,5.01,5.04,5.13,5.17,5.24,5.35,5.44,5.53,5.58,5.63,5.69,5.75,5.8,5.88,5.92,5.97,6.05,6.12,6.15,6.22,6.28,6.35,6.4,6.46,6.51,6.55,6.59,6.64,6.71,6.8,6.82,6.86,6.89,6.94,7,7.05,7.05,7.08,7.08,7.09,7.12,7.13,7.14,7.13,7.14,7.14,7.14,7.14,7.14,7.15,7.14,7.14,7.12,7.12,7.08,7.08,7.06,7.03
MD94-102,-43.5,79.83,Foram,IND,9.89,9.94,9.99,10.05,10.11,10.16,10.22,10.3,10.34,10.38,10.42,10.47,10.5,10.51,10.57,10.61,10.64,10.66,10.7,10.74,10.78,10.82,10.84,10.88,10.92,10.95,10.98,11.01,11.04,11.08,11.11,11.13,11.18,11.19,11.21,11.25,11.29,11.29,11.34,11.37,11.42,11.46,11.5,11.55,11.61,11.63,11.65,11.67,11.71,11.73,11.77,11.8,11.82,11.85,11.87,11.9,11.92,11.93,11.96,11.95,11.97,12,12.01,12.03,12.06,12.06,12.1,12.14,12.15,12.16,12.17,12.18,12.2,12.2,12.23,12.24,12.27,12.31,12.33,12.35,12.36,12.4,12.43,12.46,12.49,12.51,12.54,12.54,12.55,12.57,12.57,12.59,12.6,12.64,12.66,12.67,12.69,12.69,12.72,12.72,12.72,12.75,12.78,12.79,12.8,12.81,12.82,12.83,12.84,12.84,12.84,12.84,12.85,12.85,12.83,12.81,12.82,12.82,12.82,12.81,12.81,12.8,12.79,12.79,12.79,12.76,12.74,12.71,12.71,12.71,12.71,12.69,12.68,12.67,12.66,12.65,12.65,12.66,12.66,12.63,12.62,12.6,12.59,12.57,12.57,12.55,12.53,12.5,12.5,12.49,12.49
MD73-025,-43.82,51.3,Radiolaria,IND,3.95,3.93,3.95,3.97,3.96,3.95,3.96,3.97,3.99,4.01,4.01,4.03,4.01,4.03,4.04,4.07,4.11,4.11,4.14,4.18,4.18,4.21,4.25,4.29,4.28,4.28,4.32,4.36,4.38,4.39,4.38,4.42,4.45,4.49,4.52,4.53,4.53,4.54,4.59,4.61,4.62,4.63,4.62,4.66,4.65,4.67,4.7,4.72,4.73,4.74,4.75,4.77,4.76,4.79,4.8,4.85,4.88,4.88,4.91,4.91,4.9,4.93,4.96,4.95,4.95,4.97,4.95,4.97,4.96,4.96,4.95,4.95,4.92,4.94,4.96,4.97,4.98,4.98,4.96,4.93,4.92,4.92,4.91,4.92,4.92,4.91,4.92,4.91,4.92,4.91,4.9,4.89,4.89,4.91,4.92,4.91,4.91,4.92,4.91,4.92,4.92,4.92,4.93,4.94,4.9,4.92,4.92,4.92,4.93,4.95,4.95,4.95,4.95,4.97,4.98,4.98,5,5.01,5.04,5.05,5.08,5.08,5.11,5.13,5.14,5.15,5.18,5.22,5.23,5.25,5.26,5.27,5.3,5.33,5.35,5.37,5.39,5.39,5.41,5.43,5.45,5.47,5.48,5.49,5.49,5.5,5.51,5.51,5.51,5.52,5.53
MD88-770,-46.01,96.47,Diatom,IND,6.52,6.54,6.57,6.58,6.6,6.61,6.62,6.63,6.65,6.65,6.67,6.69,6.7,6.74,6.76,6.76,6.78,6.8,6.83,6.86,6.88,6.89,6.92,6.93,6.94,6.98,7.03,7.06,7.1,7.12,7.13,7.17,7.18,7.21,7.25,7.28,7.32,7.33,7.37,7.4,7.44,7.46,7.49,7.49,7.53,7.57,7.6,7.63,7.66,7.69,7.73,7.77,7.81,7.86,7.9,7.94,7.97,8,8.02,8.03,8.06,8.1,8.12,8.14,8.19,8.23,8.29,8.32,8.35,8.38,8.42,8.48,8.53,8.59,8.64,8.68,8.75,8.8,8.84,8.91,8.95,9,9.06,9.13,9.19,9.26,9.3,9.36,9.43,9.47,9.52,9.57,9.64,9.68,9.72,9.77,9.8,9.85,9.88,9.91,9.94,9.97,9.99,10.02,10.04,10.06,10.08,10.11,10.12,10.13,10.12,10.14,10.14,10.15,10.15,10.15,10.16,10.15,10.14,10.14,10.13,10.12,10.11,10.1,10.08,10.08,10.07,10.04,10.02,10,9.96,9.92,9.9,9.86,9.84,9.79,9.75,9.71,9.69,9.66,9.63,9.58,9.53,9.48,9.45,9.41,9.37,9.32,9.29,9.25,9.2
MD88-770,-46.01,96.47,Foram,IND,5.21,5.28,5.31,5.38,5.45,5.48,5.52,5.58,5.62,5.7,5.76,5.77,5.82,5.9,5.94,5.99,6.07,6.13,6.16,6.23,6.28,6.34,6.4,6.53,6.6,6.68,6.77,6.86,6.96,7.03,7.09,7.25,7.37,7.49,7.64,7.76,7.9,7.98,8.07,8.19,8.33,8.42,8.56,8.66,8.7,8.8,8.87,8.93,8.97,9.03,9.07,9.13,9.16,9.21,9.23,9.29,9.33,9.33,9.38,9.41,9.43,9.44,9.47,9.49,9.49,9.48,9.47,9.46,9.46,9.45,9.43,9.42,9.4,9.39,9.38,9.36,9.35,9.33,9.32,9.29,9.27,9.25,9.24,9.22,9.2,9.18,9.17,9.16,9.15,9.13,9.1,9.07,9.04,9.02,8.99,8.96,8.94,8.92,8.91,8.88,8.86,8.83,8.81,8.8,8.78,8.76,8.74,8.73,8.71,8.7,8.69,8.69,8.68,8.67,8.67,8.67,8.67,8.67,8.67,8.67,8.68,8.68,8.68,8.68,8.68,8.67,8.68,8.69,8.7,8.71,8.71,8.7,8.7,8.7,8.7,8.7,8.69,8.69,8.69,8.69,8.68,8.68,8.68,8.68,8.68,8.67,8.66,8.65,8.63,8.63,8.62
MD02-2488,-46.45,88.02,Foram,IND,8.97,8.94,8.97,8.97,8.97,9.02,8.96,8.95,8.98,9.02,9.07,9.07,9.07,9.06,9.09,9.13,9.09,9.11,9.11,9.08,9.13,9.11,9.17,9.19,9.22,9.28,9.26,9.27,9.3,9.33,9.35,9.4,9.4,9.41,9.43,9.48,9.53,9.59,9.62,9.64,9.66,9.74,9.73,9.8,9.78,9.81,9.9,9.95,10.02,10.03,10.1,10.15,10.18,10.19,10.28,10.34,10.33,10.42,10.43,10.48,10.48,10.5,10.61,10.67,10.8,10.74,10.82,10.89,11.02,11.05,11.12,11.17,11.26,11.31,11.38,11.48,11.52,11.64,11.67,11.83,11.88,11.95,12.01,12.07,12.07,12.11,12.16,12.25,12.25,12.27,12.31,12.38,12.41,12.41,12.42,12.47,12.45,12.45,12.45,12.5,12.54,12.56,12.59,12.55,12.54,12.5,12.49,12.49,12.53,12.53,12.63,12.63,12.64,12.62,12.63,12.58,12.6,12.66,12.67,12.69,12.72,12.68,12.65,12.68,12.72,12.74,12.78,12.82,12.77,12.82,12.88,12.89,12.91,12.9,12.88,12.81,12.79,12.78,12.78,12.77,12.75,12.7,12.61,12.52,12.4,12.36,12.25,12.09,11.91,11.8,11.62
V22-182,-0.55,-17.27,Foram,S_ATL,21.98,21.98,21.99,21.98,21.98,21.97,21.97,21.97,21.97,21.97,21.97,21.96,21.98,21.98,21.98,21.99,21.97,21.98,21.99,21.99,21.99,22.01,22.02,22.05,22.05,22.05,22.06,22.08,22.09,22.07,22.08,22.1,22.1,22.09,22.08,22.08,22.08,22.09,22.12,22.14,22.13,22.14,22.16,22.16,22.15,22.18,22.18,22.22,22.22,22.23,22.24,22.23,22.24,22.24,22.25,22.27,22.25,22.25,22.26,22.27,22.29,22.28,22.27,22.26,22.28,22.28,22.29,22.29,22.28,22.29,22.29,22.3,22.31,22.31,22.32,22.33,22.33,22.34,22.34,22.38,22.42,22.42,22.43,22.44,22.44,22.46,22.48,22.5,22.49,22.5,22.49,22.5,22.49,22.5,22.52,22.53,22.55,22.56,22.55,22.54,22.53,22.55,22.56,22.55,22.53,22.53,22.53,22.53,22.52,22.51,22.5,22.49,22.52,22.52,22.51,22.51,22.53,22.53,22.52,22.54,22.54,22.54,22.57,22.61,22.63,22.65,22.65,22.66,22.66,22.67,22.66,22.66,22.64,22.64,22.64,22.63,22.63,22.64,22.64,22.61,22.59,22.59,22.56,22.54,22.54,22.52,22.49,22.48,22.47,22.47,22.44
V22-182,-0.55,-17.27,Cocc,S_ATL,23.04,23.03,23.05,23.03,23.03,23.01,23.01,23.02,23,23.03,23.03,23.04,23.06,23.03,23.03,23.04,23.06,23.11,23.1,23.08,23.1,23.17,23.2,23.21,23.23,23.26,23.27,23.28,23.28,23.29,23.31,23.32,23.33,23.34,23.38,23.4,23.4,23.44,23.47,23.49,23.51,23.55,23.59,23.64,23.68,23.71,23.74,23.75,23.78,23.78,23.83,23.87,23.87,23.92,23.95,23.98,24.01,24.05,24.07,24.1,24.14,24.17,24.19,24.23,24.28,24.32,24.34,24.38,24.41,24.42,24.44,24.47,24.51,24.53,24.56,24.54,24.57,24.59,24.61,24.62,24.62,24.63,24.63,24.66,24.71,24.77,24.8,24.81,24.82,24.85,24.83,24.85,24.86,24.87,24.85,24.88,24.87,24.88,24.89,24.92,24.95,24.94,24.98,25.02,25.02,25.04,25.03,25.02,25.03,25.05,25.09,25.07,25.09,25.1,25.12,25.12,25.11,25.11,25.11,25.09,25.12,25.13,25.14,25.15,25.14,25.17,25.16,25.17,25.18,25.18,25.19,25.2,25.21,25.2,25.22,25.24,25.24,25.24,25.23,25.23,25.23,25.26,25.25,25.26,25.26,25.26,25.28,25.29,25.3,25.31,25.32
ODP 662,-1.38,-11.74,UK37,S_ATL,26.38,26.39,26.39,26.4,26.4,26.41,26.41,26.41,26.41,26.42,26.41,26.41,26.41,26.41,26.41,26.41,26.42,26.42,26.42,26.42,26.42,26.43,26.43,26.43,26.42,26.42,26.42,26.43,26.44,26.43,26.44,26.45,26.45,26.45,26.45,26.46,26.46,26.46,26.46,26.46,26.47,26.47,26.47,26.47,26.47,26.46,26.46,26.45,26.45,26.45,26.45,26.45,26.45,26.46,26.46,26.45,26.45,26.46,26.46,26.46,26.46,26.46,26.47,26.47,26.47,26.47,26.47,26.47,26.48,26.48,26.48,26.47,26.47,26.47,26.47,26.48,26.48,26.48,26.48,26.48,26.46,26.46,26.46,26.46,26.46,26.46,26.46,26.46,26.46,26.47,26.47,26.47,26.46,26.47,26.47,26.48,26.48,26.47,26.47,26.47,26.48,26.48,26.47,26.48,26.47,26.47,26.46,26.46,26.46,26.46,26.45,26.45,26.45,26.44,26.44,26.43,26.42,26.42,26.42,26.41,26.4,26.39,26.38,26.37,26.36,26.35,26.34,26.33,26.31,26.3,26.29,26.28,26.26,26.25,26.24,26.23,26.22,26.2,26.17,26.16,26.14,26.13,26.13,26.12,26.12,26.1,26.09,26.07,26.06,26.04,26.02
GEOB 1105,-1.67,-12.43,UK37,S_ATL,26.79,26.8,26.81,26.8,26.78,26.79,26.79,26.79,26.79,26.79,26.81,26.8,26.78,26.78,26.77,26.77,26.77,26.77,26.77,26.78,26.78,26.78,26.79,26.78,26.78,26.77,26.77,26.77,26.76,26.74,26.75,26.74,26.73,26.73,26.73,26.72,26.7,26.69,26.68,26.68,26.67,26.65,26.64,26.62,26.6,26.59,26.58,26.58,26.57,26.57,26.58,26.57,26.56,26.55,26.56,26.57,26.58,26.59,26.6,26.59,26.59,26.6,26.59,26.6,26.59,26.6,26.6,26.61,26.61,26.59,26.6,26.61,26.62,26.64,26.65,26.65,26.66,26.68,26.68,26.7,26.7,26.7,26.73,26.73,26.74,26.75,26.77,26.78,26.79,26.8,26.8,26.81,26.84,26.85,26.86,26.87,26.88,26.89,26.91,26.94,26.96,26.96,26.97,26.97,26.97,26.98,27.01,27.03,27.03,27.05,27.06,27.06,27.07,27.07,27.1,27.11,27.11,27.11,27.12,27.12,27.14,27.16,27.14,27.14,27.15,27.14,27.12,27.11,27.12,27.12,27.11,27.11,27.1,27.1,27.1,27.08,27.06,27.03,27,26.98,26.96,26.95,26.91,26.89,26.84,26.79,26.76,26.73,26.68,26.65,26.62
GEOB 1105,-1.67,-12.43,Foram,S_ATL,21.07,21.15,21.22,21.3,21.37,21.41,21.48,21.54,21.58,21.63,21.69,21.76,21.81,21.87,21.93,21.98,22.02,22.08,22.12,22.16,22.18,22.2,22.25,22.28,22.31,22.33,22.36,22.38,22.4,22.43,22.45,22.48,22.5,22.52,22.51,22.52,22.53,22.54,22.52,22.52,22.52,22.52,22.53,22.53,22.54,22.52,22.53,22.53,22.53,22.52,22.51,22.51,22.5,22.5,22.47,22.45,22.44,22.43,22.42,22.4,22.39,22.37,22.35,22.33,22.3,22.27,22.25,22.24,22.23,22.22,22.19,22.16,22.15,22.13,22.12,22.11,22.1,22.09,22.07,22.06,22.04,22.02,22,21.98,21.96,21.95,21.92,21.9,21.88,21.85,21.85,21.82,21.8,21.8,21.79,21.78,21.75,21.73,21.72,21.69,21.66,21.63,21.61,21.6,21.58,21.56,21.54,21.5,21.49,21.46,21.45,21.44,21.42,21.41,21.39,21.36,21.33,21.3,21.26,21.22,21.18,21.14,21.08,21.03,20.98,20.94,20.9,20.88,20.85,20.78,20.75,20.72,20.67,20.64,20.6,20.55,20.52,20.5,20.48,20.43,20.37,20.35,20.31,20.26,20.21,20.16,20.11,20.04,19.99,19.92,19.86
GEOB 1105,-1.67,-12.43,MgCa,S_ATL,23.08,23.1,23.13,23.14,23.15,23.17,23.18,23.19,23.2,23.22,23.23,23.25,23.26,23.27,23.28,23.3,23.31,23.32,23.34,23.35,23.37,23.38,23.4,23.42,23.44,23.45,23.47,23.48,23.48,23.49,23.51,23.53,23.54,23.55,23.56,23.57,23.58,23.59,23.59,23.59,23.6,23.61,23.61,23.62,23.63,23.63,23.64,23.65,23.66,23.67,23.68,23.69,23.69,23.69,23.7,23.71,23.71,23.72,23.72,23.73,23.74,23.75,23.76,23.76,23.76,23.77,23.78,23.78,23.79,23.79,23.81,23.81,23.82,23.82,23.83,23.84,23.86,23.88,23.88,23.9,23.92,23.92,23.94,23.96,23.98,24,24.02,24.05,24.07,24.09,24.13,24.14,24.17,24.2,24.23,24.26,24.28,24.31,24.33,24.37,24.4,24.44,24.46,24.48,24.52,24.55,24.58,24.6,24.64,24.67,24.7,24.72,24.74,24.76,24.79,24.81,24.82,24.84,24.85,24.86,24.87,24.89,24.89,24.88,24.88,24.89,24.89,24.89,24.87,24.86,24.86,24.85,24.83,24.82,24.82,24.81,24.8,24.79,24.78,24.76,24.74,24.72,24.7,24.69,24.66,24.63,24.6,24.58,24.57,24.54,24.52
RC13-205,-2.28,5.18,Foram,S_ATL,20.48,20.47,20.44,20.44,20.45,20.45,20.44,20.44,20.39,20.38,20.39,20.4,20.38,20.39,20.36,20.39,20.38,20.4,20.4,20.41,20.41,20.42,20.44,20.44,20.45,20.48,20.51,20.54,20.54,20.56,20.56,20.58,20.59,20.6,20.63,20.66,20.71,20.73,20.77,20.81,20.85,20.9,20.96,21,21.04,21.09,21.15,21.22,21.24,21.29,21.36,21.41,21.46,21.49,21.54,21.61,21.65,21.68,21.71,21.75,21.78,21.82,21.88,21.92,21.97,22,22.02,22.07,22.09,22.13,22.17,22.21,22.25,22.27,22.32,22.35,22.38,22.41,22.45,22.44,22.48,22.51,22.53,22.58,22.62,22.64,22.67,22.7,22.74,22.79,22.81,22.86,22.92,22.97,23.01,23.05,23.11,23.14,23.2,23.27,23.32,23.35,23.4,23.47,23.52,23.58,23.67,23.74,23.78,23.87,23.93,24,24.04,24.09,24.16,24.23,24.26,24.31,24.36,24.39,24.42,24.44,24.46,24.47,24.48,24.49,24.48,24.51,24.56,24.56,24.56,24.56,24.58,24.58,24.57,24.56,24.53,24.53,24.51,24.49,24.41,24.38,24.38,24.36,24.33,24.3,24.27,24.24,24.19,24.18,24.13
RC13-205,-2.28,5.18,Radiolaria,S_ATL,22.96,22.94,22.92,22.9,22.91,22.89,22.86,22.87,22.88,22.87,22.87,22.89,22.89,22.89,22.93,22.95,22.93,22.93,22.92,22.91,22.9,22.89,22.89,22.9,22.93,22.9,22.89,22.89,22.89,22.92,22.94,22.96,22.99,23.01,23.02,23.03,23.07,23.1,23.15,23.15,23.19,23.22,23.24,23.29,23.34,23.38,23.44,23.48,23.51,23.55,23.61,23.68,23.74,23.79,23.84,23.9,23.96,24.04,24.08,24.14,24.19,24.24,24.31,24.38,24.44,24.46,24.51,24.56,24.61,24.66,24.68,24.72,24.76,24.81,24.87,24.91,24.93,24.97,24.96,24.99,25,25.03,25.06,25.08,25.13,25.13,25.15,25.18,25.21,25.23,25.25,25.27,25.27,25.28,25.31,25.34,25.37,25.36,25.36,25.38,25.4,25.43,25.43,25.43,25.45,25.45,25.48,25.49,25.53,25.53,25.56,25.56,25.59,25.59,25.56,25.57,25.57,25.58,25.59,25.58,25.57,25.58,25.57,25.57,25.57,25.56,25.53,25.52,25.49,25.49,25.46,25.47,25.47,25.44,25.44,25.4,25.36,25.34,25.3,25.24,25.16,25.12,25.1,24.99,24.94,24.85,24.74,24.64,24.52,24.35,24.22
GEOB 1112,-5.77,-10.74,MgCa,S_ATL,24.73,24.72,24.71,24.7,24.69,24.68,24.66,24.65,24.64,24.64,24.63,24.64,24.64,24.62,24.61,24.61,24.61,24.6,24.6,24.6,24.59,24.59,24.59,24.59,24.59,24.6,24.59,24.6,24.61,24.61,24.61,24.62,24.61,24.62,24.64,24.65,24.65,24.69,24.69,24.71,24.72,24.75,24.78,24.79,24.8,24.8,24.82,24.84,24.85,24.88,24.9,24.92,24.94,24.97,24.99,25.01,25.03,25.06,25.1,25.12,25.13,25.15,25.19,25.21,25.22,25.25,25.27,25.29,25.32,25.34,25.37,25.4,25.42,25.44,25.46,25.49,25.49,25.52,25.54,25.55,25.56,25.59,25.59,25.6,25.62,25.62,25.63,25.64,25.67,25.68,25.7,25.7,25.7,25.71,25.72,25.73,25.74,25.74,25.75,25.75,25.76,25.75,25.75,25.76,25.76,25.76,25.74,25.74,25.74,25.74,25.75,25.74,25.74,25.75,25.75,25.75,25.74,25.73,25.73,25.73,25.7,25.69,25.69,25.7,25.68,25.68,25.67,25.68,25.67,25.66,25.66,25.65,25.64,25.63,25.62,25.61,25.61,25.59,25.59,25.58,25.58,25.58,25.59,25.59,25.58,25.57,25.56,25.55,25.54,25.54,25.53
GEOB 1112,-5.77,-10.74,Foram,S_ATL,22.66,22.65,22.65,22.65,22.64,22.64,22.63,22.64,22.64,22.65,22.66,22.66,22.68,22.7,22.72,22.73,22.73,22.75,22.75,22.78,22.79,22.81,22.83,22.86,22.89,22.91,22.95,22.98,23,23.04,23.07,23.11,23.13,23.17,23.21,23.24,23.26,23.29,23.34,23.36,23.41,23.43,23.47,23.5,23.55,23.61,23.64,23.68,23.72,23.77,23.81,23.86,23.92,23.96,24.01,24.05,24.1,24.14,24.18,24.22,24.26,24.3,24.35,24.4,24.45,24.48,24.53,24.57,24.62,24.67,24.71,24.74,24.77,24.8,24.83,24.86,24.89,24.92,24.97,25,25.02,25.04,25.06,25.1,25.11,25.13,25.14,25.15,25.16,25.17,25.18,25.19,25.22,25.23,25.24,25.24,25.24,25.25,25.26,25.26,25.27,25.29,25.29,25.3,25.29,25.29,25.28,25.3,25.29,25.3,25.32,25.33,25.31,25.31,25.32,25.32,25.31,25.3,25.29,25.31,25.29,25.28,25.27,25.25,25.23,25.22,25.23,25.23,25.22,25.21,25.18,25.18,25.16,25.14,25.13,25.12,25.08,25.06,25.05,25.05,25.04,24.99,24.95,24.94,24.9,24.91,24.84,24.81,24.77,24.71,24.68
V22-38,-9.51,-34.25,Foram,S_ATL,26.26,26.25,26.26,26.25,26.25,26.25,26.23,26.22,26.22,26.21,26.2,26.2,26.2,26.2,26.19,26.19,26.19,26.19,26.2,26.2,26.2,26.2,26.19,26.2,26.19,26.21,26.21,26.2,26.18,26.18,26.17,26.18,26.16,26.16,26.17,26.17,26.17,26.17,26.16,26.16,26.15,26.15,26.17,26.17,26.18,26.17,26.18,26.18,26.17,26.16,26.15,26.16,26.16,26.16,26.14,26.13,26.12,26.13,26.13,26.13,26.14,26.14,26.14,26.12,26.13,26.13,26.14,26.16,26.17,26.17,26.17,26.19,26.19,26.18,26.17,26.16,26.16,26.15,26.15,26.16,26.16,26.16,26.16,26.15,26.15,26.15,26.15,26.14,26.15,26.15,26.15,26.17,26.17,26.17,26.17,26.16,26.14,26.14,26.15,26.16,26.17,26.17,26.17,26.17,26.18,26.21,26.2,26.21,26.21,26.23,26.25,26.27,26.28,26.28,26.28,26.27,26.29,26.31,26.31,26.3,26.29,26.34,26.33,26.34,26.34,26.34,26.34,26.33,26.36,26.36,26.36,26.37,26.36,26.39,26.39,26.4,26.4,26.42,26.41,26.42,26.43,26.42,26.44,26.46,26.46,26.47,26.45,26.44,26.42,26.4,26.41
V22-38,-9.51,-34.25,Cocc,S_ATL,25.78,25.78,25.77,25.76,25.73,25.73,25.73,25.74,25.74,25.73,25.73,25.71,25.72,25.73,25.72,25.73,25.71,25.71,25.72,25.7,25.72,25.71,25.72,25.72,25.74,25.74,25.74,25.74,25.74,25.73,25.71,25.71,25.71,25.71,25.7,25.68,25.67,25.67,25.67,25.65,25.64,25.64,25.63,25.64,25.63,25.62,25.62,25.6,25.59,25.57,25.59,25.58,25.57,25.57,25.55,25.55,25.53,25.53,25.53,25.53,25.53,25.53,25.52,25.51,25.51,25.52,25.52,25.52,25.52,25.52,25.52,25.51,25.52,25.49,25.48,25.47,25.48,25.47,25.47,25.45,25.43,25.44,25.44,25.43,25.41,25.41,25.39,25.38,25.38,25.37,25.37,25.35,25.35,25.34,25.33,25.33,25.3,25.29,25.27,25.26,25.25,25.25,25.23,25.24,25.25,25.24,25.21,25.2,25.2,25.19,25.18,25.17,25.17,25.17,25.16,25.13,25.15,25.16,25.16,25.15,25.14,25.13,25.15,25.16,25.15,25.18,25.18,25.19,25.2,25.18,25.16,25.17,25.14,25.15,25.15,25.17,25.19,25.19,25.2,25.19,25.2,25.21,25.21,25.22,25.21,25.21,25.24,25.24,25.24,25.22,25.22
V22-174,-10.07,-12.82,Foram,S_ATL,24.53,24.53,24.53,24.51,24.51,24.5,24.5,24.5,24.5,24.49,24.5,24.49,24.49,24.48,24.48,24.47,24.47,24.47,24.47,24.47,24.48,24.49,24.49,24.49,24.5,24.51,24.51,24.53,24.54,24.53,24.52,24.51,24.52,24.53,24.52,24.53,24.51,24.51,24.52,24.53,24.54,24.55,24.56,24.57,24.58,24.58,24.57,24.57,24.57,24.57,24.58,24.58,24.59,24.59,24.6,24.61,24.62,24.62,24.62,24.61,24.62,24.63,24.63,24.61,24.63,24.64,24.64,24.65,24.65,24.65,24.64,24.63,24.65,24.65,24.64,24.66,24.68,24.67,24.67,24.66,24.66,24.66,24.68,24.69,24.71,24.71,24.73,24.74,24.75,24.76,24.76,24.75,24.75,24.77,24.77,24.79,24.81,24.83,24.82,24.83,24.83,24.83,24.83,24.85,24.85,24.87,24.89,24.91,24.91,24.94,24.95,24.95,24.95,24.97,24.98,25,25.02,25.05,25.06,25.06,25.04,25.06,25.07,25.09,25.11,25.14,25.14,25.14,25.18,25.18,25.19,25.2,25.21,25.2,25.21,25.21,25.24,25.23,25.24,25.25,25.26,25.28,25.29,25.29,25.27,25.28,25.29,25.28,25.29,25.29,25.31
V22-174,-10.07,-12.82,Cocc,S_ATL,24.56,24.58,24.58,24.57,24.57,24.58,24.58,24.57,24.56,24.54,24.54,24.53,24.54,24.52,24.54,24.53,24.52,24.5,24.47,24.47,24.48,24.47,24.47,24.48,24.46,24.45,24.48,24.46,24.46,24.46,24.47,24.47,24.48,24.49,24.49,24.49,24.49,24.48,24.48,24.48,24.47,24.45,24.45,24.45,24.42,24.44,24.41,24.42,24.39,24.4,24.4,24.4,24.39,24.36,24.35,24.34,24.35,24.36,24.36,24.37,24.34,24.36,24.36,24.34,24.3,24.3,24.27,24.25,24.25,24.24,24.21,24.21,24.22,24.19,24.16,24.15,24.14,24.13,24.12,24.11,24.09,24.08,24.09,24.09,24.07,24.06,24.05,24.05,24.07,24.08,24.08,24.07,24.08,24.08,24.1,24.1,24.1,24.1,24.12,24.09,24.06,24.05,24.06,24.06,24.07,24.07,24.07,24.1,24.13,24.11,24.1,24.12,24.12,24.12,24.11,24.13,24.16,24.14,24.14,24.12,24.15,24.17,24.18,24.18,24.18,24.19,24.21,24.24,24.28,24.27,24.29,24.31,24.28,24.27,24.27,24.24,24.24,24.25,24.27,24.3,24.27,24.27,24.27,24.23,24.24,24.23,24.2,24.17,24.21,24.17,24.19
RC12-228,-22.33,11.3,Cocc,S_ATL,20.1,20.06,20.04,20.05,20,19.96,19.99,20.01,20.02,20.03,19.98,20.01,19.97,19.87,19.85,19.83,19.8,19.76,19.77,19.67,19.68,19.65,19.7,19.66,19.64,19.61,19.59,19.56,19.54,19.53,19.52,19.53,19.48,19.49,19.43,19.39,19.42,19.4,19.43,19.4,19.41,19.39,19.37,19.33,19.31,19.33,19.31,19.29,19.29,19.29,19.29,19.29,19.29,19.28,19.24,19.22,19.21,19.22,19.26,19.25,19.27,19.27,19.26,19.24,19.25,19.27,19.31,19.35,19.34,19.33,19.33,19.33,19.32,19.32,19.32,19.31,19.32,19.33,19.36,19.35,19.36,19.36,19.38,19.39,19.36,19.36,19.36,19.36,19.33,19.34,19.35,19.38,19.4,19.4,19.4,19.38,19.39,19.38,19.39,19.39,19.4,19.39,19.36,19.38,19.42,19.43,19.42,19.43,19.44,19.45,19.43,19.43,19.44,19.45,19.47,19.46,19.49,19.5,19.51,19.52,19.55,19.57,19.6,19.65,19.67,19.73,19.76,19.82,19.87,19.92,19.97,20.02,20.07,20.13,20.15,20.19,20.21,20.26,20.28,20.34,20.4,20.49,20.53,20.6,20.66,20.68,20.74,20.78,20.82,20.85,20.88
RC12-228,-22.33,11.3,Foram,S_ATL,15.77,15.81,15.8,15.81,15.81,15.81,15.8,15.84,15.86,15.84,15.86,15.86,15.86,15.86,15.89,15.92,15.94,15.94,15.96,15.97,16,16,16.01,16.01,16.01,16.04,16.06,16.1,16.11,16.12,16.13,16.15,16.18,16.22,16.23,16.26,16.29,16.3,16.35,16.36,16.37,16.36,16.41,16.43,16.45,16.45,16.49,16.51,16.54,16.58,16.6,16.65,16.7,16.74,16.77,16.81,16.86,16.9,16.92,16.97,17.01,17.05,17.08,17.11,17.12,17.14,17.18,17.23,17.27,17.3,17.3,17.34,17.34,17.37,17.37,17.37,17.39,17.42,17.44,17.44,17.44,17.42,17.42,17.39,17.38,17.36,17.36,17.32,17.28,17.26,17.21,17.17,17.12,17.05,17.02,16.96,16.88,16.8,16.71,16.6,16.48,16.34,16.23,16.07,15.92,15.74,15.64,15.5,15.33,15.17,15.03,14.86,14.73,14.59,14.43,14.31,14.13,14.03,13.91,13.8,13.72,13.6,13.55,13.5,13.43,13.37,13.37,13.35,13.35,13.33,13.3,13.3,13.29,13.29,13.29,13.31,13.35,13.36,13.38,13.44,13.51,13.54,13.59,13.67,13.79,13.9,13.98,14.11,14.21,14.39,14.69
RC12-228,-22.33,11.3,Radiolaria,S_ATL,17.77,17.79,17.74,17.79,17.82,17.85,17.85,17.81,17.85,17.84,17.82,17.8,17.8,17.8,17.82,17.83,17.79,17.81,17.84,17.87,17.89,17.93,17.95,17.97,17.99,18,18.01,18,17.99,18,17.99,18,18,18.01,18,18,18.04,18.08,18.1,18.12,18.12,18.17,18.17,18.19,18.19,18.18,18.19,18.25,18.29,18.34,18.37,18.41,18.43,18.44,18.44,18.45,18.46,18.53,18.6,18.64,18.67,18.7,18.74,18.77,18.83,18.85,18.91,18.96,18.98,19.01,19.07,19.11,19.13,19.17,19.23,19.29,19.35,19.42,19.48,19.55,19.6,19.67,19.73,19.79,19.85,19.91,19.99,20.04,20.12,20.14,20.21,20.24,20.33,20.38,20.44,20.5,20.54,20.6,20.64,20.7,20.74,20.82,20.84,20.86,20.88,20.91,20.94,20.96,21,21.01,21.02,21.05,21.07,21.11,21.1,21.14,21.17,21.19,21.2,21.21,21.25,21.25,21.25,21.28,21.33,21.38,21.39,21.42,21.46,21.51,21.52,21.6,21.63,21.71,21.77,21.82,21.85,21.87,21.88,21.92,21.97,22.04,22.07,22.15,22.2,22.27,22.36,22.38,22.44,22.47,22.5
GEOB 1711-4,-23.31,12.38,UK37,S_ATL,20.82,20.86,20.88,20.91,20.95,20.97,21.01,21.05,21.05,21.08,21.09,21.1,21.13,21.13,21.14,21.15,21.17,21.19,21.21,21.21,21.24,21.25,21.27,21.29,21.3,21.32,21.34,21.36,21.34,21.35,21.35,21.37,21.38,21.41,21.41,21.43,21.44,21.44,21.45,21.45,21.45,21.45,21.46,21.45,21.46,21.47,21.47,21.48,21.49,21.5,21.5,21.51,21.52,21.51,21.52,21.53,21.52,21.5,21.49,21.49,21.5,21.5,21.51,21.52,21.51,21.52,21.53,21.53,21.53,21.52,21.53,21.54,21.53,21.54,21.54,21.55,21.56,21.58,21.58,21.58,21.56,21.56,21.56,21.56,21.55,21.56,21.56,21.54,21.56,21.55,21.54,21.55,21.54,21.53,21.53,21.51,21.53,21.53,21.53,21.53,21.51,21.5,21.49,21.48,21.48,21.47,21.47,21.48,21.48,21.47,21.45,21.42,21.41,21.4,21.39,21.38,21.36,21.35,21.33,21.34,21.33,21.31,21.29,21.26,21.23,21.2,21.18,21.15,21.14,21.12,21.09,21.06,21.01,20.98,20.92,20.88,20.83,20.78,20.72,20.69,20.62,20.54,20.51,20.45,20.42,20.36,20.31,20.27,20.22,20.17,20.12
GEOB 1710-3,-23.43,11.7,UK37,S_ATL,19.59,19.62,19.64,19.67,19.7,19.74,19.78,19.81,19.84,19.87,19.91,19.95,19.98,20.01,20.04,20.06,20.09,20.11,20.13,20.16,20.18,20.19,20.22,20.24,20.28,20.29,20.31,20.32,20.33,20.34,20.34,20.36,20.37,20.37,20.38,20.39,20.41,20.41,20.4,20.42,20.41,20.43,20.43,20.45,20.45,20.47,20.46,20.46,20.46,20.47,20.46,20.47,20.46,20.44,20.45,20.45,20.46,20.44,20.46,20.45,20.46,20.46,20.48,20.49,20.48,20.48,20.5,20.49,20.5,20.5,20.5,20.52,20.52,20.52,20.54,20.55,20.57,20.59,20.59,20.6,20.62,20.67,20.68,20.69,20.71,20.73,20.74,20.77,20.8,20.81,20.82,20.84,20.87,20.88,20.89,20.91,20.93,20.95,20.96,20.99,21,21.01,21.02,21.03,21.03,21.04,21.05,21.06,21.07,21.07,21.07,21.08,21.09,21.1,21.1,21.1,21.1,21.09,21.1,21.09,21.09,21.1,21.09,21.08,21.09,21.09,21.11,21.1,21.1,21.1,21.1,21.1,21.1,21.1,21.1,21.09,21.08,21.07,21.05,21.05,21.05,21.06,21.06,21.03,21.04,21.02,21,20.98,20.94,20.9,20.89
RC13-229,-25.5,11.3,Radiolaria,S_ATL,21.04,21.02,21.01,21.01,21,21,20.98,20.97,20.95,20.95,20.94,20.94,20.95,20.93,20.93,20.93,20.93,20.91,20.9,20.9,20.9,20.87,20.84,20.83,20.83,20.8,20.79,20.8,20.79,20.79,20.8,20.81,20.81,20.81,20.83,20.82,20.82,20.83,20.83,20.84,20.83,20.83,20.84,20.85,20.84,20.85,20.84,20.85,20.86,20.86,20.86,20.86,20.85,20.84,20.83,20.82,20.81,20.8,20.79,20.79,20.78,20.79,20.79,20.79,20.78,20.76,20.76,20.76,20.76,20.77,20.77,20.77,20.76,20.74,20.75,20.75,20.76,20.76,20.77,20.76,20.79,20.81,20.82,20.8,20.8,20.79,20.8,20.8,20.81,20.82,20.83,20.82,20.83,20.83,20.82,20.85,20.84,20.84,20.84,20.87,20.89,20.89,20.91,20.88,20.89,20.88,20.9,20.93,20.92,20.94,20.97,20.98,20.98,20.98,21,21,21,21.01,21.01,21,20.99,21.03,21.01,21.01,21.01,21.01,21.02,21,20.97,20.95,20.95,20.94,20.93,20.94,20.96,20.96,20.96,20.97,20.97,20.95,20.95,20.95,20.94,20.96,20.95,20.92,20.95,20.94,20.91,20.9,20.89
RC13-229,-25.5,11.3,Foram,S_ATL,16.7,16.73,16.76,16.8,16.84,16.88,16.92,16.94,16.97,16.99,17.01,17.05,17.09,17.15,17.19,17.22,17.28,17.32,17.36,17.41,17.43,17.45,17.51,17.55,17.59,17.63,17.67,17.74,17.79,17.84,17.87,17.92,17.96,18,18.03,18.07,18.1,18.13,18.16,18.2,18.23,18.28,18.33,18.37,18.37,18.4,18.4,18.43,18.46,18.48,18.48,18.5,18.52,18.54,18.56,18.57,18.58,18.59,18.58,18.58,18.59,18.6,18.61,18.62,18.62,18.63,18.64,18.63,18.63,18.63,18.64,18.64,18.64,18.64,18.62,18.6,18.61,18.61,18.61,18.62,18.61,18.59,18.59,18.6,18.57,18.56,18.55,18.53,18.53,18.54,18.53,18.52,18.52,18.49,18.49,18.48,18.47,18.47,18.45,18.46,18.46,18.45,18.44,18.45,18.46,18.45,18.42,18.41,18.4,18.37,18.38,18.34,18.31,18.29,18.28,18.28,18.27,18.26,18.26,18.25,18.24,18.23,18.23,18.21,18.19,18.2,18.19,18.19,18.19,18.17,18.14,18.11,18.07,18.04,17.99,17.96,17.89,17.86,17.81,17.77,17.71,17.69,17.65,17.61,17.59,17.51,17.49,17.46,17.42,17.37,17.34
RC11-86,-35.78,18.45,Foram,S_ATL,16.84,16.81,16.79,16.77,16.76,16.73,16.71,16.7,16.68,16.67,16.65,16.64,16.64,16.63,16.61,16.62,16.62,16.64,16.64,16.66,16.68,16.67,16.67,16.68,16.69,16.7,16.7,16.71,16.74,16.74,16.75,16.76,16.75,16.75,16.78,16.77,16.78,16.78,16.79,16.8,16.79,16.78,16.78,16.78,16.77,16.77,16.78,16.77,16.77,16.75,16.75,16.76,16.78,16.78,16.78,16.75,16.76,16.75,16.75,16.74,16.73,16.74,16.75,16.75,16.75,16.76,16.76,16.76,16.75,16.75,16.76,16.75,16.74,16.74,16.74,16.73,16.72,16.73,16.72,16.74,16.74,16.75,16.77,16.78,16.78,16.78,16.79,16.8,16.81,16.83,16.84,16.84,16.85,16.85,16.86,16.88,16.88,16.88,16.89,16.9,16.91,16.92,16.94,16.94,16.96,16.98,17,17.01,17.01,17,17,17.02,17.02,17.02,17.04,17.05,17.06,17.06,17.06,17.08,17.09,17.1,17.12,17.12,17.13,17.13,17.13,17.13,17.14,17.14,17.15,17.16,17.16,17.15,17.17,17.17,17.17,17.17,17.17,17.17,17.18,17.19,17.2,17.21,17.2,17.2,17.21,17.22,17.22,17.21,17.21
RC11-86,-35.78,18.45,Cocc,S_ATL,19.76,19.8,19.84,19.89,19.92,19.97,20,20.03,20.05,20.09,20.14,20.18,20.22,20.29,20.33,20.36,20.41,20.47,20.53,20.59,20.62,20.64,20.67,20.68,20.73,20.78,20.82,20.86,20.9,20.9,20.91,20.94,20.96,20.98,21,21.03,21.07,21.09,21.12,21.13,21.16,21.17,21.19,21.21,21.23,21.26,21.26,21.27,21.29,21.3,21.31,21.3,21.28,21.29,21.31,21.32,21.32,21.33,21.33,21.34,21.34,21.34,21.35,21.37,21.38,21.39,21.38,21.37,21.37,21.38,21.39,21.4,21.42,21.42,21.42,21.43,21.42,21.44,21.42,21.44,21.45,21.45,21.46,21.48,21.47,21.47,21.49,21.5,21.51,21.49,21.46,21.46,21.46,21.45,21.46,21.45,21.45,21.47,21.46,21.46,21.45,21.42,21.42,21.4,21.39,21.35,21.33,21.34,21.33,21.32,21.27,21.27,21.27,21.27,21.28,21.28,21.25,21.24,21.22,21.23,21.24,21.25,21.24,21.24,21.25,21.24,21.24,21.25,21.27,21.28,21.3,21.33,21.36,21.37,21.36,21.36,21.4,21.4,21.43,21.43,21.45,21.46,21.47,21.49,21.53,21.54,21.55,21.57,21.6,21.61,21.61
MD96-2080,-36.32,19.47,MgCa,S_ATL,22.21,22.21,22.22,22.23,22.24,22.26,22.28,22.25,22.25,22.24,22.25,22.24,22.22,22.23,22.21,22.21,22.2,22.2,22.21,22.23,22.22,22.23,22.22,22.22,22.22,22.22,22.23,22.23,22.25,22.27,22.25,22.25,22.26,22.24,22.26,22.26,22.25,22.26,22.24,22.23,22.22,22.22,22.22,22.21,22.21,22.22,22.23,22.23,22.24,22.24,22.23,22.22,22.22,22.22,22.22,22.22,22.22,22.23,22.23,22.23,22.24,22.24,22.22,22.22,22.23,22.24,22.24,22.24,22.24,22.23,22.22,22.22,22.21,22.21,22.19,22.17,22.17,22.17,22.18,22.2,22.21,22.21,22.21,22.21,22.21,22.21,22.22,22.23,22.24,22.25,22.25,22.26,22.27,22.26,22.27,22.28,22.27,22.26,22.27,22.28,22.29,22.28,22.27,22.26,22.24,22.24,22.23,22.23,22.22,22.23,22.24,22.24,22.25,22.25,22.25,22.23,22.22,22.23,22.23,22.21,22.22,22.23,22.22,22.22,22.24,22.25,22.25,22.27,22.25,22.26,22.25,22.23,22.24,22.26,22.28,22.26,22.27,22.31,22.31,22.31,22.29,22.29,22.29,22.28,22.3,22.31,22.31,22.32,22.33,22.35,22.39
RC12-294,-37.27,-10.1,Cocc,S_ATL,16.29,16.29,16.33,16.32,16.33,16.35,16.35,16.41,16.42,16.43,16.4,16.38,16.37,16.37,16.34,16.36,16.36,16.35,16.35,16.38,16.38,16.37,16.4,16.37,16.38,16.43,16.41,16.38,16.42,16.41,16.39,16.36,16.36,16.39,16.4,16.4,16.39,16.37,16.37,16.34,16.38,16.36,16.35,16.34,16.35,16.34,16.31,16.29,16.3,16.27,16.29,16.31,16.35,16.34,16.39,16.38,16.38,16.38,16.42,16.39,16.43,16.45,16.45,16.46,16.46,16.47,16.51,16.54,16.56,16.58,16.61,16.59,16.63,16.66,16.68,16.78,16.86,16.86,16.9,16.94,16.96,16.98,17.01,17.01,17.05,17.07,17.11,17.15,17.17,17.21,17.23,17.26,17.26,17.27,17.31,17.31,17.35,17.38,17.42,17.46,17.49,17.5,17.58,17.6,17.61,17.63,17.62,17.59,17.59,17.61,17.61,17.62,17.61,17.64,17.65,17.67,17.69,17.7,17.69,17.71,17.7,17.72,17.75,17.74,17.74,17.71,17.7,17.73,17.73,17.72,17.74,17.73,17.75,17.74,17.8,17.85,17.85,17.87,17.87,17.85,17.81,17.8,17.79,17.8,17.81,17.85,17.83,17.8,17.8,17.78,17.78
RC12-294,-37.27,-10.1,Foram,S_ATL,15.29,15.37,15.44,15.49,15.55,15.57,15.53,15.6,15.67,15.73,15.74,15.77,15.81,15.84,15.85,15.85,15.92,15.93,15.93,15.97,15.99,16.06,16.06,16.1,16.13,16.15,16.17,16.18,16.19,16.21,16.2,16.18,16.21,16.23,16.18,16.2,16.2,16.22,16.24,16.23,16.25,16.28,16.3,16.28,16.25,16.25,16.22,16.2,16.19,16.17,16.18,16.2,16.22,16.23,16.23,16.24,16.22,16.21,16.18,16.21,16.22,16.24,16.22,16.2,16.19,16.18,16.16,16.14,16.16,16.17,16.17,16.16,16.14,16.17,16.14,16.15,16.18,16.19,16.22,16.23,16.24,16.23,16.26,16.29,16.27,16.26,16.29,16.29,16.28,16.27,16.24,16.25,16.27,16.27,16.3,16.29,16.33,16.39,16.39,16.41,16.42,16.45,16.48,16.48,16.52,16.51,16.52,16.49,16.5,16.51,16.53,16.57,16.57,16.61,16.65,16.69,16.73,16.8,16.82,16.87,16.93,16.97,16.97,17,17.01,17.02,17.05,17.05,17.06,17.1,17.14,17.15,17.17,17.23,17.25,17.23,17.2,17.2,17.21,17.17,17.17,17.23,17.21,17.18,17.19,17.18,17.18,17.18,17.13,17.14,17.1
ODP 1089,-40.93,9.9,UK37,S_ATL,20.27,20.32,20.37,20.41,20.45,20.51,20.58,20.64,20.7,20.77,20.83,20.89,20.96,21,21.05,21.11,21.16,21.2,21.25,21.28,21.36,21.41,21.46,21.52,21.56,21.62,21.68,21.72,21.77,21.81,21.85,21.89,21.92,21.94,21.99,22.03,22.04,22.07,22.07,22.08,22.1,22.12,22.15,22.16,22.17,22.18,22.2,22.21,22.22,22.24,22.26,22.29,22.31,22.34,22.35,22.37,22.38,22.38,22.39,22.4,22.43,22.43,22.45,22.47,22.47,22.49,22.49,22.51,22.52,22.53,22.53,22.52,22.55,22.56,22.57,22.58,22.6,22.61,22.6,22.6,22.61,22.61,22.65,22.67,22.65,22.69,22.7,22.71,22.7,22.72,22.71,22.72,22.72,22.74,22.74,22.74,22.76,22.76,22.78,22.79,22.8,22.83,22.84,22.85,22.87,22.87,22.89,22.89,22.93,22.94,22.96,22.99,23.01,23.02,23.04,23.08,23.1,23.11,23.12,23.14,23.16,23.17,23.22,23.24,23.26,23.29,23.3,23.35,23.37,23.4,23.41,23.43,23.44,23.44,23.46,23.46,23.47,23.46,23.47,23.46,23.46,23.41,23.41,23.37,23.33,23.29,23.27,23.22,23.19,23.15,23.1
ODP 1089,-40.93,9.9,Radiolaria,S_ATL,14.61,14.64,14.65,14.66,14.7,14.7,14.75,14.77,14.8,14.83,14.84,14.87,14.91,14.93,14.93,14.97,14.98,15.01,15.03,15.06,15.07,15.08,15.09,15.1,15.09,15.1,15.11,15.14,15.16,15.15,15.15,15.14,15.16,15.16,15.16,15.17,15.18,15.18,15.18,15.2,15.21,15.24,15.24,15.26,15.28,15.28,15.28,15.33,15.35,15.35,15.38,15.38,15.37,15.38,15.39,15.39,15.39,15.39,15.42,15.41,15.42,15.47,15.51,15.54,15.54,15.54,15.58,15.64,15.65,15.7,15.72,15.78,15.82,15.85,15.85,15.85,15.87,15.9,15.89,15.92,15.93,15.9,15.91,15.94,15.96,15.98,16.02,16.04,16.06,16.06,16.03,16.02,16.03,16.06,16.08,16.13,16.16,16.14,16.14,16.16,16.2,16.21,16.23,16.23,16.23,16.24,16.26,16.28,16.3,16.33,16.35,16.37,16.38,16.38,16.4,16.41,16.42,16.44,16.43,16.46,16.48,16.47,16.5,16.54,16.56,16.59,16.59,16.61,16.62,16.64,16.66,16.68,16.66,16.7,16.71,16.74,16.77,16.79,16.8,16.82,16.87,16.9,16.92,16.95,16.97,17.02,17.08,17.14,17.17,17.14,17.21
PS2489-2,-42.9,8.97,Foram,S_ATL,6.44,6.46,6.47,6.47,6.48,6.51,6.51,6.54,6.57,6.62,6.64,6.68,6.72,6.76,6.79,6.82,6.84,6.86,6.91,6.94,6.97,6.99,7.01,7.06,7.07,7.11,7.14,7.18,7.23,7.27,7.29,7.32,7.34,7.38,7.39,7.42,7.45,7.47,7.49,7.53,7.58,7.6,7.65,7.69,7.71,7.74,7.79,7.83,7.86,7.91,7.92,7.96,7.99,8.01,8.04,8.08,8.08,8.11,8.15,8.17,8.21,8.22,8.25,8.27,8.3,8.33,8.35,8.38,8.42,8.46,8.47,8.5,8.52,8.56,8.57,8.58,8.61,8.64,8.68,8.71,8.74,8.78,8.8,8.82,8.85,8.88,8.91,8.96,8.97,8.99,9.02,9.03,9.08,9.12,9.14,9.19,9.21,9.26,9.27,9.31,9.34,9.37,9.42,9.45,9.5,9.52,9.57,9.6,9.66,9.68,9.73,9.76,9.8,9.86,9.89,9.95,10,10.07,10.13,10.18,10.23,10.28,10.31,10.37,10.4,10.45,10.51,10.55,10.61,10.67,10.71,10.72,10.74,10.76,10.8,10.81,10.82,10.84,10.87,10.91,10.96,10.96,10.98,10.98,10.98,11.01,11.02,11.04,11.03,11.02,11